race_id,season,round,grand_prix,race_date,circuit_name,driver_code,driver_name,constructor_name,grid,qualifying_position,top10_probability,top10_probability_rank,predicted_top10_by_probability,predicted_rank,predicted_top10,predicted_finish_position_raw,predicted_finish_rank,predicted_top10_position,driver_points_before_race,constructor_points_before_race,top10_rate_previous_5,avg_finish_position_previous_5,air_temp_mean,rainfall_percentage,wet_race,weather_condition,fastf1_avg_tyre_life_previous_3,fastf1_stint_count_previous_3,fastf1_soft_lap_rate_previous_3,fastf1_medium_lap_rate_previous_3,fastf1_hard_lap_rate_previous_3,circuit_safety_car_rate_previous_3,circuit_race_disruption_score_avg_previous_3,prediction_weather_source,prediction_qualifying_source
2026_08,2026,8,Austrian Grand Prix,2026-06-28,Red Bull Ring,RUS,George Russell,Mercedes,2,2.0,0.9713519554924169,1,1,1,1,2.347559542459534,1,1,67.0,160.0,1.0,3.2,18.21698943661972,14.964788732394366,0.5774647887323944,Light rain,18.37945100876136,2.0,0.0,0.2641869624628245,0.7358130375371755,0.6666666666666666,40.666666666666664,circuit_history,estimated_strength_order
2026_08,2026,8,Austrian Grand Prix,2026-06-28,Red Bull Ring,ANT,Andrea Kimi Antonelli,Mercedes,1,1.0,0.9302388867533677,5,1,2,1,2.5674803703942795,2,2,93.0,160.0,0.8,4.0,18.21698943661972,14.964788732394366,0.5774647887323944,Light rain,18.601907194550872,2.0,0.0,0.2773605789697743,0.7226394210302257,0.6666666666666666,40.666666666666664,circuit_history,estimated_strength_order
2026_08,2026,8,Austrian Grand Prix,2026-06-28,Red Bull Ring,HAM,Lewis Hamilton,Ferrari,4,4.0,0.9377246659005973,4,1,3,1,3.559295559539583,3,3,43.0,89.0,1.0,5.4,18.21698943661972,14.964788732394366,0.5774647887323944,Light rain,16.86885533268224,2.0,0.0,0.366438784964816,0.6335612150351839,0.6666666666666666,40.666666666666664,circuit_history,estimated_strength_order
2026_08,2026,8,Austrian Grand Prix,2026-06-28,Red Bull Ring,LEC,Charles Leclerc,Ferrari,3,3.0,0.9575532162313264,2,1,4,1,3.939344188538242,4,4,46.0,89.0,1.0,4.4,18.21698943661972,14.964788732394366,0.5774647887323944,Light rain,17.28449913220028,2.0,0.0,0.3143809149556275,0.6856190850443724,0.6666666666666666,40.666666666666664,circuit_history,estimated_strength_order
2026_08,2026,8,Austrian Grand Prix,2026-06-28,Red Bull Ring,NOR,Lando Norris,McLaren,5,5.0,0.9542889118909662,3,1,5,1,5.004743519787676,5,5,38.0,71.0,0.8,7.0,18.21698943661972,14.964788732394366,0.5774647887323944,Light rain,12.49867374005305,2.6666666666666665,0.0,0.3956675508399646,0.6043324491600354,0.6666666666666666,40.666666666666664,circuit_history,estimated_strength_order
2026_08,2026,8,Austrian Grand Prix,2026-06-28,Red Bull Ring,VER,Max Verstappen,Red Bull,7,7.0,0.7663551735092526,7,1,6,1,5.656516005375001,6,6,22.0,26.0,0.8,7.2,18.21698943661972,14.964788732394366,0.5774647887323944,Light rain,13.548508962302067,2.333333333333333,0.2045454545454545,0.409814323607427,0.6586086327465638,0.6666666666666666,40.666666666666664,circuit_history,estimated_strength_order
2026_08,2026,8,Austrian Grand Prix,2026-06-28,Red Bull Ring,PIA,Oscar Piastri,McLaren,6,6.0,0.8774854971439784,6,1,7,1,7.047316252853923,7,7,33.0,71.0,0.6,9.4,18.21698943661972,14.964788732394366,0.5774647887323944,Light rain,14.373470147517333,2.333333333333333,0.0,0.4586997998976219,0.5413002001023779,0.6666666666666666,40.666666666666664,circuit_history,estimated_strength_order
2026_08,2026,8,Austrian Grand Prix,2026-06-28,Red Bull Ring,BEA,Oliver Bearman,Haas F1 Team,9,9.0,0.6164391705325302,8,1,8,1,8.612747042925673,8,8,16.0,17.0,0.4,11.4,18.21698943661972,14.964788732394366,0.5774647887323944,Light rain,14.873524720893144,2.0,0.0,0.4325358851674641,0.5674641148325359,0.6666666666666666,40.666666666666664,circuit_history,estimated_strength_order
2026_08,2026,8,Austrian Grand Prix,2026-06-28,Red Bull Ring,GAS,Pierre Gasly,Alpine F1 Team,8,8.0,0.5287850126912352,10,1,9,1,9.779058840685199,9,9,15.0,22.0,0.6,12.6,18.21698943661972,14.964788732394366,0.5774647887323944,Light rain,18.4834807817264,2.0,0.0,0.2670815214674863,0.7329184785325135,0.6666666666666666,40.666666666666664,circuit_history,estimated_strength_order
2026_08,2026,8,Austrian Grand Prix,2026-06-28,Red Bull Ring,COL,Franco Colapinto,Alpine F1 Team,10,10.0,0.5320111172852245,9,1,10,1,10.762015010504626,10,10,7.0,22.0,0.4,13.4,18.21698943661972,14.964788732394366,0.5774647887323944,Light rain,16.843338760005427,2.333333333333333,0.1785714285714285,0.3764245014245014,0.6895265228598563,0.6666666666666666,40.666666666666664,circuit_history,estimated_strength_order
2026_08,2026,8,Austrian Grand Prix,2026-06-28,Red Bull Ring,OCO,Esteban Ocon,Haas F1 Team,12,12.0,0.3577572442913545,11,0,11,0,12.163896526763644,11,0,1.0,17.0,0.4,11.0,18.21698943661972,14.964788732394366,0.5774647887323944,Light rain,15.537555719134668,2.333333333333333,0.1636363636363636,0.2891526602052917,0.6563018852492536,0.6666666666666666,40.666666666666664,circuit_history,estimated_strength_order
2026_08,2026,8,Austrian Grand Prix,2026-06-28,Red Bull Ring,HAD,Isack Hadjar,Red Bull,13,13.0,0.16439966791979327,14,0,12,0,12.815272142684918,12,0,4.0,26.0,0.2,15.8,18.21698943661972,14.964788732394366,0.5774647887323944,Light rain,13.66934731934732,2.0,0.0181818181818181,0.6826923076923077,0.8082167832167833,0.6666666666666666,40.666666666666664,circuit_history,estimated_strength_order
2026_08,2026,8,Austrian Grand Prix,2026-06-28,Red Bull Ring,LAW,Liam Lawson,RB F1 Team,11,11.0,0.3057756812751913,12,0,13,0,12.82865098014164,13,0,8.0,12.0,0.4,13.4,18.21698943661972,14.964788732394366,0.5774647887323944,Light rain,15.384077180129813,2.333333333333333,0.4210526315789473,0.2589245549771865,0.600724567829831,0.6666666666666666,40.666666666666664,circuit_history,estimated_strength_order
2026_08,2026,8,Austrian Grand Prix,2026-06-28,Red Bull Ring,SAI,Carlos Sainz,Williams,14,14.0,0.18318382283863516,13,0,14,0,13.151016912623199,14,0,4.0,5.0,0.4,12.2,18.21698943661972,14.964788732394366,0.5774647887323944,Light rain,14.36224608724609,2.6666666666666665,0.3928571428571428,0.266999666999667,0.602047952047952,0.6666666666666666,40.666666666666664,circuit_history,estimated_strength_order
2026_08,2026,8,Austrian Grand Prix,2026-06-28,Red Bull Ring,LIN,Arvid Lindblad,RB F1 Team,15,15.0,0.10716215481582499,15,0,15,0,13.394729119127938,15,0,4.0,12.0,0.25,12.0,18.21698943661972,14.964788732394366,0.5774647887323944,Light rain,16.67538952275795,2.0,0.0,0.299435652067231,0.7005643479327689,0.6666666666666666,40.666666666666664,circuit_history,estimated_strength_order
2026_08,2026,8,Austrian Grand Prix,2026-06-28,Red Bull Ring,BOR,Gabriel Bortoleto,Audi,16,16.0,0.03026379478359594,17,0,16,0,14.85368814354107,16,0,2.0,2.0,0.2,13.2,18.21698943661972,14.964788732394366,0.5774647887323944,Light rain,14.364628414537671,2.333333333333333,0.0,0.3324956954721019,0.6675043045278981,0.6666666666666666,40.666666666666664,circuit_history,estimated_strength_order
2026_08,2026,8,Austrian Grand Prix,2026-06-28,Red Bull Ring,ALB,Alexander Albon,Williams,17,17.0,0.04956623766142748,16,0,17,0,15.528109523758559,17,0,1.0,5.0,0.2,16.0,18.21698943661972,14.964788732394366,0.5774647887323944,Light rain,11.046415904534832,4.333333333333333,0.2124716795369085,0.3707163446140706,0.4168119758490207,0.6666666666666666,40.666666666666664,circuit_history,estimated_strength_order
2026_08,2026,8,Austrian Grand Prix,2026-06-28,Red Bull Ring,HUL,Nico Hülkenberg,Audi,18,18.0,0.0237515049185804,18,0,18,0,16.135573717186194,18,0,0.0,2.0,0.2,14.4,18.21698943661972,14.964788732394366,0.5774647887323944,Light rain,14.411508989095196,2.333333333333333,0.1206896551724138,0.3628467105478599,0.5969234043946688,0.6666666666666666,40.666666666666664,circuit_history,estimated_strength_order
2026_08,2026,8,Austrian Grand Prix,2026-06-28,Red Bull Ring,STR,Lance Stroll,Aston Martin,20,20.0,0.0031934428835541893,20,0,19,0,16.752492260303388,19,0,0.0,0.0,0.2,16.6,18.21698943661972,14.964788732394366,0.5774647887323944,Light rain,6.43015873015873,3.0,0.3809523809523809,0.580952380952381,0.4857142857142857,0.6666666666666666,40.666666666666664,circuit_history,estimated_strength_order
2026_08,2026,8,Austrian Grand Prix,2026-06-28,Red Bull Ring,ALO,Fernando Alonso,Aston Martin,19,19.0,0.00934506305423872,19,0,20,0,16.773762570540416,20,0,0.0,0.0,0.2,14.8,18.21698943661972,14.964788732394366,0.5774647887323944,Light rain,11.448878205128205,2.6666666666666665,1.0,0.4963942307692308,0.5036057692307692,0.6666666666666666,40.666666666666664,circuit_history,estimated_strength_order
2026_08,2026,8,Austrian Grand Prix,2026-06-28,Red Bull Ring,PER,Sergio Pérez,Cadillac F1 Team,21,21.0,0.002255729334759769,21,0,21,0,17.413663153037977,21,0,0.0,0.0,0.0,16.8,18.21698943661972,14.964788732394366,0.5774647887323944,Light rain,14.652372784448255,2.333333333333333,0.2181818181818181,0.3078330474556889,0.6194396798170382,0.6666666666666666,40.666666666666664,circuit_history,estimated_strength_order
2026_08,2026,8,Austrian Grand Prix,2026-06-28,Red Bull Ring,BOT,Valtteri Bottas,Cadillac F1 Team,22,22.0,0.0019578683615675712,22,0,22,0,18.348665790177566,22,0,0.0,0.0,0.0,17.4,18.21698943661972,14.964788732394366,0.5774647887323944,Light rain,14.169467787114847,2.0,0.0,0.406318082788671,0.729121278140886,0.6666666666666666,40.666666666666664,circuit_history,estimated_strength_order
