race_id,constructor_id,constructor_position_before_race,constructor_points_before_race,constructor_wins_before_race,constructor_performance_score
2018_01,ferrari,0,0.0,0,0.0
2018_01,mercedes,0,0.0,0,0.0
2018_01,red_bull,0,0.0,0,0.0
2018_01,mclaren,0,0.0,0,0.0
2018_01,renault,0,0.0,0,0.0
2018_01,force_india,0,0.0,0,0.0
2018_01,sauber,0,0.0,0,0.0
2018_01,williams,0,0.0,0,0.0
2018_01,toro_rosso,0,0.0,0,0.0
2018_01,haas,0,0.0,0,0.0
2018_02,ferrari,1,40.0,1,50.0
2018_02,mercedes,2,22.0,0,22.0
2018_02,toro_rosso,9,0.0,0,0.0
2018_02,haas,7,0.0,0,0.0
2018_02,renault,5,7.0,0,7.0
2018_02,mclaren,4,12.0,0,12.0
2018_02,sauber,8,0.0,0,0.0
2018_02,force_india,6,0.0,0,0.0
2018_02,williams,10,0.0,0,0.0
2018_02,red_bull,3,20.0,0,20.0
2018_03,red_bull,4,20.0,0,20.0
2018_03,mercedes,2,55.0,0,55.0
2018_03,ferrari,1,65.0,2,85.0
2018_03,renault,5,15.0,0,15.0
2018_03,mclaren,3,22.0,0,22.0
2018_03,haas,7,10.0,0,10.0
2018_03,force_india,9,1.0,0,1.0
2018_03,williams,10,0.0,0,0.0
2018_03,sauber,8,2.0,0,2.0
2018_03,toro_rosso,6,12.0,0,12.0
2018_04,mercedes,1,85.0,0,85.0
2018_04,ferrari,2,84.0,2,104.0
2018_04,force_india,9,1.0,0,1.0
2018_04,renault,5,25.0,0,25.0
2018_04,sauber,8,2.0,0,2.0
2018_04,mclaren,4,28.0,0,28.0
2018_04,williams,10,0.0,0,0.0
2018_04,toro_rosso,6,12.0,0,12.0
2018_04,haas,7,11.0,0,11.0
2018_04,red_bull,3,55.0,1,65.0
2018_05,mercedes,2,110.0,1,120.0
2018_05,red_bull,3,55.0,1,65.0
2018_05,ferrari,1,114.0,2,134.0
2018_05,haas,8,11.0,0,11.0
2018_05,renault,5,35.0,0,35.0
2018_05,mclaren,4,36.0,0,36.0
2018_05,force_india,6,16.0,0,16.0
2018_05,sauber,9,10.0,0,10.0
2018_05,williams,10,4.0,0,4.0
2018_05,toro_rosso,7,13.0,0,13.0
2018_06,red_bull,3,80.0,1,90.0
2018_06,ferrari,2,126.0,2,146.0
2018_06,mercedes,1,153.0,2,173.0
2018_06,force_india,7,18.0,0,18.0
2018_06,toro_rosso,8,13.0,0,13.0
2018_06,renault,4,41.0,0,41.0
2018_06,sauber,9,11.0,0,11.0
2018_06,haas,6,19.0,0,19.0
2018_06,mclaren,5,40.0,0,40.0
2018_06,williams,10,4.0,0,4.0
2018_07,ferrari,2,156.0,2,176.0
2018_07,mercedes,1,178.0,2,198.0
2018_07,red_bull,3,107.0,2,127.0
2018_07,renault,4,46.0,0,46.0
2018_07,force_india,6,26.0,0,26.0
2018_07,sauber,9,11.0,0,11.0
2018_07,toro_rosso,8,19.0,0,19.0
2018_07,haas,7,19.0,0,19.0
2018_07,mclaren,5,40.0,0,40.0
2018_07,williams,10,4.0,0,4.0
2018_08,mercedes,1,206.0,2,226.0
2018_08,red_bull,3,134.0,2,154.0
2018_08,ferrari,2,189.0,3,219.0
2018_08,haas,7,19.0,0,19.0
2018_08,renault,4,56.0,0,56.0
2018_08,sauber,9,12.0,0,12.0
2018_08,mclaren,5,40.0,0,40.0
2018_08,toro_rosso,8,19.0,0,19.0
2018_08,williams,10,4.0,0,4.0
2018_08,force_india,6,28.0,0,28.0
2018_09,red_bull,3,164.0,2,184.0
2018_09,ferrari,2,214.0,3,244.0
2018_09,haas,7,27.0,0,27.0
2018_09,force_india,6,28.0,0,28.0
2018_09,mclaren,5,40.0,0,40.0
2018_09,sauber,9,13.0,0,13.0
2018_09,toro_rosso,8,19.0,0,19.0
2018_09,renault,4,62.0,0,62.0
2018_09,williams,10,4.0,0,4.0
2018_09,mercedes,1,237.0,3,267.0
2018_10,ferrari,1,247.0,3,277.0
2018_10,mercedes,2,237.0,3,267.0
2018_10,red_bull,3,189.0,3,219.0
2018_10,renault,4,62.0,0,62.0
2018_10,force_india,7,42.0,0,42.0
2018_10,mclaren,6,44.0,0,44.0
2018_10,haas,5,49.0,0,49.0
2018_10,williams,10,4.0,0,4.0
2018_10,toro_rosso,8,19.0,0,19.0
2018_10,sauber,9,16.0,0,16.0
2018_11,mercedes,2,267.0,3,297.0
2018_11,ferrari,1,287.0,4,327.0
2018_11,red_bull,3,199.0,3,229.0
2018_11,renault,4,70.0,0,70.0
2018_11,haas,5,51.0,0,51.0
2018_11,force_india,6,49.0,0,49.0
2018_11,sauber,9,16.0,0,16.0
2018_11,toro_rosso,8,19.0,0,19.0
2018_11,mclaren,7,48.0,0,48.0
2018_11,williams,10,4.0,0,4.0
2018_12,mercedes,1,310.0,4,350.0
2018_12,ferrari,2,302.0,4,342.0
2018_12,red_bull,3,211.0,3,241.0
2018_12,toro_rosso,8,20.0,0,20.0
2018_12,haas,6,59.0,0,59.0
2018_12,mclaren,7,48.0,0,48.0
2018_12,renault,4,80.0,0,80.0
2018_12,force_india,5,59.0,0,59.0
2018_12,sauber,9,18.0,0,18.0
2018_12,williams,10,4.0,0,4.0
2018_13,ferrari,2,335.0,4,375.0
2018_13,mercedes,1,345.0,5,395.0
2018_13,red_bull,3,223.0,3,253.0
2018_13,force_india,6,59.0,0,59.0
2018_13,haas,5,66.0,0,66.0
2018_13,toro_rosso,8,28.0,0,28.0
2018_13,sauber,9,18.0,0,18.0
2018_13,renault,4,82.0,0,82.0
2018_13,williams,10,4.0,0,4.0
2018_13,mclaren,7,52.0,0,52.0
2018_14,mercedes,1,375.0,5,425.0
2018_14,ferrari,2,360.0,5,410.0
2018_14,red_bull,3,238.0,3,268.0
2018_14,force_india,5,77.0,0,77.0
2018_14,renault,4,82.0,0,82.0
2018_14,williams,10,4.0,0,4.0
2018_14,sauber,9,19.0,0,19.0
2018_14,mclaren,7,52.0,0,52.0
2018_14,toro_rosso,8,30.0,0,30.0
2018_14,haas,6,76.0,0,76.0
2018_15,mercedes,1,415.0,6,475.0
2018_15,red_bull,3,248.0,3,278.0
2018_15,ferrari,2,390.0,5,440.0
2018_15,mclaren,7,52.0,0,52.0
2018_15,renault,5,86.0,0,86.0
2018_15,sauber,9,19.0,0,19.0
2018_15,toro_rosso,8,30.0,0,30.0
2018_15,williams,10,7.0,0,7.0
2018_15,haas,6,76.0,0,76.0
2018_15,force_india,4,91.0,0,91.0
2018_16,mercedes,1,452.0,7,522.0
2018_16,ferrari,2,415.0,5,465.0
2018_16,red_bull,3,274.0,3,304.0
2018_16,sauber,9,21.0,0,21.0
2018_16,haas,6,76.0,0,76.0
2018_16,force_india,4,91.0,0,91.0
2018_16,renault,5,91.0,0,91.0
2018_16,mclaren,7,58.0,0,58.0
2018_16,williams,10,7.0,0,7.0
2018_16,toro_rosso,8,30.0,0,30.0
2018_17,mercedes,1,495.0,8,575.0
2018_17,red_bull,3,292.0,3,322.0
2018_17,ferrari,2,442.0,5,492.0
2018_17,force_india,4,94.0,0,94.0
2018_17,haas,6,80.0,0,80.0
2018_17,renault,5,91.0,0,91.0
2018_17,toro_rosso,8,30.0,0,30.0
2018_17,sauber,9,27.0,0,27.0
2018_17,mclaren,7,58.0,0,58.0
2018_17,williams,10,7.0,0,7.0
2018_18,ferrari,2,460.0,5,510.0
2018_18,red_bull,3,319.0,3,349.0
2018_18,mercedes,1,538.0,9,628.0
2018_18,renault,5,92.0,0,92.0
2018_18,force_india,4,102.0,0,102.0
2018_18,toro_rosso,8,30.0,0,30.0
2018_18,sauber,9,27.0,0,27.0
2018_18,mclaren,7,58.0,0,58.0
2018_18,williams,10,7.0,0,7.0
2018_18,haas,6,84.0,0,84.0
2018_19,red_bull,3,337.0,3,367.0
2018_19,ferrari,2,497.0,6,557.0
2018_19,mercedes,1,563.0,9,653.0
2018_19,renault,5,106.0,0,106.0
2018_19,sauber,9,28.0,0,28.0
2018_19,mclaren,7,58.0,0,58.0
2018_19,toro_rosso,8,32.0,0,32.0
2018_19,force_india,4,106.0,0,106.0
2018_19,williams,10,7.0,0,7.0
2018_19,haas,6,84.0,0,84.0
2018_20,mercedes,1,585.0,9,675.0
2018_20,red_bull,3,362.0,4,402.0
2018_20,ferrari,2,530.0,6,590.0
2018_20,sauber,8,36.0,0,36.0
2018_20,haas,6,84.0,0,84.0
2018_20,force_india,5,106.0,0,106.0
2018_20,toro_rosso,9,33.0,0,33.0
2018_20,renault,4,114.0,0,114.0
2018_20,mclaren,7,62.0,0,62.0
2018_20,williams,10,7.0,0,7.0
2018_21,mercedes,1,620.0,10,720.0
2018_21,ferrari,2,553.0,6,613.0
2018_21,red_bull,3,392.0,4,432.0
2018_21,renault,4,114.0,0,114.0
2018_21,sauber,8,42.0,0,42.0
2018_21,force_india,5,107.0,0,107.0
2018_21,haas,6,90.0,0,90.0
2018_21,mclaren,7,62.0,0,62.0
2018_21,toro_rosso,9,33.0,0,33.0
2018_21,williams,10,7.0,0,7.0
2019_01,mercedes,0,0.0,0,0.0
2019_01,red_bull,0,0.0,0,0.0
2019_01,ferrari,0,0.0,0,0.0
2019_01,haas,0,0.0,0,0.0
2019_01,renault,0,0.0,0,0.0
2019_01,alfa,0,0.0,0,0.0
2019_01,racing_point,0,0.0,0,0.0
2019_01,toro_rosso,0,0.0,0,0.0
2019_01,mclaren,0,0.0,0,0.0
2019_01,williams,0,0.0,0,0.0
2019_02,mercedes,1,44.0,1,54.0
2019_02,ferrari,2,22.0,0,22.0
2019_02,red_bull,3,15.0,0,15.0
2019_02,mclaren,9,0.0,0,0.0
2019_02,alfa,6,4.0,0,4.0
2019_02,toro_rosso,8,1.0,0,1.0
2019_02,racing_point,7,2.0,0,2.0
2019_02,haas,4,8.0,0,8.0
2019_02,williams,10,0.0,0,0.0
2019_02,renault,5,6.0,0,6.0
2019_03,mercedes,1,87.0,2,107.0
2019_03,ferrari,2,48.0,0,48.0
2019_03,red_bull,3,31.0,0,31.0
2019_03,renault,7,6.0,0,6.0
2019_03,racing_point,8,3.0,0,3.0
2019_03,alfa,4,10.0,0,10.0
2019_03,toro_rosso,9,3.0,0,3.0
2019_03,haas,5,8.0,0,8.0
2019_03,mclaren,6,8.0,0,8.0
2019_03,williams,10,0.0,0,0.0
2019_04,mercedes,1,130.0,3,160.0
2019_04,ferrari,2,73.0,0,73.0
2019_04,red_bull,3,52.0,0,52.0
2019_04,racing_point,8,7.0,0,7.0
2019_04,mclaren,7,8.0,0,8.0
2019_04,alfa,4,12.0,0,12.0
2019_04,toro_rosso,9,4.0,0,4.0
2019_04,haas,6,8.0,0,8.0
2019_04,renault,5,12.0,0,12.0
2019_04,williams,10,0.0,0,0.0
2019_05,mercedes,1,173.0,4,213.0
2019_05,red_bull,3,64.0,0,64.0
2019_05,ferrari,2,99.0,0,99.0
2019_05,haas,8,8.0,0,8.0
2019_05,mclaren,4,18.0,0,18.0
2019_05,toro_rosso,9,4.0,0,4.0
2019_05,renault,7,12.0,0,12.0
2019_05,alfa,6,13.0,0,13.0
2019_05,racing_point,5,17.0,0,17.0
2019_05,williams,10,0.0,0,0.0
2019_06,mercedes,1,217.0,5,267.0
2019_06,ferrari,2,121.0,0,121.0
2019_06,red_bull,3,87.0,0,87.0
2019_06,mclaren,4,22.0,0,22.0
2019_06,toro_rosso,9,6.0,0,6.0
2019_06,renault,8,12.0,0,12.0
2019_06,haas,6,15.0,0,15.0
2019_06,racing_point,5,17.0,0,17.0
2019_06,williams,10,0.0,0,0.0
2019_06,alfa,7,13.0,0,13.0
2019_07,mercedes,1,257.0,6,317.0
2019_07,ferrari,2,139.0,0,139.0
2019_07,red_bull,3,110.0,0,110.0
2019_07,renault,8,14.0,0,14.0
2019_07,racing_point,5,17.0,0,17.0
2019_07,toro_rosso,7,16.0,0,16.0
2019_07,mclaren,4,30.0,0,30.0
2019_07,alfa,9,13.0,0,13.0
2019_07,haas,6,16.0,0,16.0
2019_07,williams,10,0.0,0,0.0
2019_08,mercedes,1,295.0,7,365.0
2019_08,ferrari,2,172.0,0,172.0
2019_08,red_bull,3,124.0,0,124.0
2019_08,mclaren,4,30.0,0,30.0
2019_08,alfa,9,13.0,0,13.0
2019_08,renault,5,28.0,0,28.0
2019_08,racing_point,6,19.0,0,19.0
2019_08,toro_rosso,7,17.0,0,17.0
2019_08,haas,8,16.0,0,16.0
2019_08,williams,10,0.0,0,0.0
2019_09,red_bull,3,137.0,0,137.0
2019_09,ferrari,2,198.0,0,198.0
2019_09,mercedes,1,338.0,8,418.0
2019_09,mclaren,4,40.0,0,40.0
2019_09,alfa,6,19.0,0,19.0
2019_09,racing_point,7,19.0,0,19.0
2019_09,renault,5,32.0,0,32.0
2019_09,toro_rosso,8,17.0,0,17.0
2019_09,haas,9,16.0,0,16.0
2019_09,williams,10,0.0,0,0.0
2019_10,mercedes,1,363.0,8,443.0
2019_10,ferrari,2,228.0,0,228.0
2019_10,red_bull,3,169.0,1,179.0
2019_10,mclaren,4,52.0,0,52.0
2019_10,renault,5,32.0,0,32.0
2019_10,alfa,6,22.0,0,22.0
2019_10,toro_rosso,8,17.0,0,17.0
2019_10,racing_point,7,19.0,0,19.0
2019_10,williams,10,0.0,0,0.0
2019_10,haas,9,16.0,0,16.0
2019_11,red_bull,3,191.0,1,201.0
2019_11,ferrari,2,243.0,0,243.0
2019_11,toro_rosso,8,19.0,0,19.0
2019_11,racing_point,7,19.0,0,19.0
2019_11,mclaren,4,60.0,0,60.0
2019_11,haas,9,16.0,0,16.0
2019_11,mercedes,1,407.0,9,497.0
2019_11,williams,10,0.0,0,0.0
2019_11,alfa,6,26.0,0,26.0
2019_11,renault,5,39.0,0,39.0
2019_12,mercedes,1,409.0,9,499.0
2019_12,red_bull,3,217.0,2,237.0
2019_12,ferrari,2,261.0,0,261.0
2019_12,mclaren,4,70.0,0,70.0
2019_12,alfa,8,26.0,0,26.0
2019_12,toro_rosso,5,42.0,0,42.0
2019_12,racing_point,7,31.0,0,31.0
2019_12,renault,6,39.0,0,39.0
2019_12,haas,9,26.0,0,26.0
2019_12,williams,10,1.0,0,1.0
2019_13,ferrari,2,288.0,0,288.0
2019_13,mercedes,1,438.0,10,538.0
2019_13,red_bull,3,244.0,2,264.0
2019_13,racing_point,8,31.0,0,31.0
2019_13,toro_rosso,5,43.0,0,43.0
2019_13,renault,6,39.0,0,39.0
2019_13,mclaren,4,82.0,0,82.0
2019_13,haas,9,26.0,0,26.0
2019_13,williams,10,1.0,0,1.0
2019_13,alfa,7,32.0,0,32.0
2019_14,ferrari,2,326.0,1,336.0
2019_14,mercedes,1,471.0,10,571.0
2019_14,renault,6,43.0,0,43.0
2019_14,red_bull,3,254.0,2,274.0
2019_14,racing_point,7,40.0,0,40.0
2019_14,alfa,8,32.0,0,32.0
2019_14,mclaren,4,82.0,0,82.0
2019_14,toro_rosso,5,51.0,0,51.0
2019_14,williams,10,1.0,0,1.0
2019_14,haas,9,26.0,0,26.0
2019_15,ferrari,2,351.0,2,371.0
2019_15,red_bull,3,266.0,2,286.0
2019_15,mercedes,1,505.0,10,605.0
2019_15,mclaren,4,83.0,0,83.0
2019_15,toro_rosso,6,51.0,0,51.0
2019_15,renault,5,65.0,0,65.0
2019_15,alfa,8,34.0,0,34.0
2019_15,haas,9,26.0,0,26.0
2019_15,racing_point,7,46.0,0,46.0
2019_15,williams,10,1.0,0,1.0
2019_16,mercedes,1,527.0,10,627.0
2019_16,ferrari,2,394.0,3,424.0
2019_16,red_bull,3,289.0,2,309.0
2019_16,mclaren,4,89.0,0,89.0
2019_16,racing_point,7,46.0,0,46.0
2019_16,haas,9,26.0,0,26.0
2019_16,renault,5,67.0,0,67.0
2019_16,toro_rosso,6,55.0,0,55.0
2019_16,alfa,8,35.0,0,35.0
2019_16,williams,10,1.0,0,1.0
2019_17,mercedes,1,571.0,11,681.0
2019_17,ferrari,2,409.0,3,439.0
2019_17,red_bull,3,311.0,2,331.0
2019_17,mclaren,4,101.0,0,101.0
2019_17,toro_rosso,6,55.0,0,55.0
2019_17,racing_point,7,52.0,0,52.0
2019_17,alfa,8,35.0,0,35.0
2019_17,haas,9,28.0,0,28.0
2019_17,williams,10,1.0,0,1.0
2019_17,renault,5,68.0,0,68.0
2019_18,mercedes,1,612.0,12,732.0
2019_18,ferrari,2,435.0,3,465.0
2019_18,red_bull,3,323.0,2,343.0
2019_18,racing_point,7,58.0,0,58.0
2019_18,renault,5,68.0,0,68.0
2019_18,toro_rosso,6,62.0,0,62.0
2019_18,mclaren,4,111.0,0,111.0
2019_18,alfa,8,35.0,0,35.0
2019_18,haas,9,28.0,0,28.0
2019_18,williams,10,1.0,0,1.0
2019_19,mercedes,1,652.0,13,782.0
2019_19,red_bull,3,341.0,2,361.0
2019_19,ferrari,2,466.0,3,496.0
2019_19,renault,5,73.0,0,73.0
2019_19,mclaren,4,111.0,0,111.0
2019_19,racing_point,6,64.0,0,64.0
2019_19,alfa,8,35.0,0,35.0
2019_19,toro_rosso,7,64.0,0,64.0
2019_19,haas,9,28.0,0,28.0
2019_19,williams,10,1.0,0,1.0
2019_20,red_bull,3,366.0,2,386.0
2019_20,toro_rosso,7,64.0,0,64.0
2019_20,mclaren,4,121.0,0,121.0
2019_20,alfa,8,35.0,0,35.0
2019_20,renault,5,83.0,0,83.0
2019_20,mercedes,1,695.0,14,835.0
2019_20,racing_point,6,65.0,0,65.0
2019_20,haas,9,28.0,0,28.0
2019_20,williams,10,1.0,0,1.0
2019_20,ferrari,2,479.0,3,509.0
2019_21,mercedes,1,701.0,14,841.0
2019_21,red_bull,3,391.0,3,421.0
2019_21,ferrari,2,479.0,3,509.0
2019_21,racing_point,7,67.0,0,67.0
2019_21,mclaren,4,140.0,0,140.0
2019_21,toro_rosso,6,83.0,0,83.0
2019_21,renault,5,91.0,0,91.0
2019_21,alfa,8,57.0,0,57.0
2019_21,haas,9,28.0,0,28.0
2019_21,williams,10,1.0,0,1.0
2020_01,mercedes,0,0.0,0,0.0
2020_01,ferrari,0,0.0,0,0.0
2020_01,mclaren,0,0.0,0,0.0
2020_01,racing_point,0,0.0,0,0.0
2020_01,alphatauri,0,0.0,0,0.0
2020_01,renault,0,0.0,0,0.0
2020_01,alfa,0,0.0,0,0.0
2020_01,williams,0,0.0,0,0.0
2020_01,red_bull,0,0.0,0,0.0
2020_01,haas,0,0.0,0,0.0
2020_02,mercedes,1,37.0,1,47.0
2020_02,red_bull,9,0.0,0,0.0
2020_02,mclaren,2,26.0,0,26.0
2020_02,racing_point,4,8.0,0,8.0
2020_02,renault,6,4.0,0,4.0
2020_02,alphatauri,5,6.0,0,6.0
2020_02,alfa,7,2.0,0,2.0
2020_02,haas,8,0.0,0,0.0
2020_02,williams,10,0.0,0,0.0
2020_02,ferrari,3,19.0,0,19.0
2020_03,mercedes,1,80.0,2,100.0
2020_03,red_bull,3,27.0,0,27.0
2020_03,racing_point,4,22.0,0,22.0
2020_03,ferrari,5,19.0,0,19.0
2020_03,renault,6,8.0,0,8.0
2020_03,mclaren,2,39.0,0,39.0
2020_03,haas,9,0.0,0,0.0
2020_03,alphatauri,7,7.0,0,7.0
2020_03,alfa,8,2.0,0,2.0
2020_03,williams,10,0.0,0,0.0
2020_04,mercedes,1,121.0,3,151.0
2020_04,red_bull,2,55.0,0,55.0
2020_04,ferrari,5,27.0,0,27.0
2020_04,renault,6,12.0,0,12.0
2020_04,mclaren,3,41.0,0,41.0
2020_04,alphatauri,7,7.0,0,7.0
2020_04,racing_point,4,40.0,0,40.0
2020_04,williams,10,0.0,0,0.0
2020_04,alfa,8,2.0,0,2.0
2020_04,haas,9,1.0,0,1.0
2020_05,red_bull,2,78.0,0,78.0
2020_05,mercedes,1,146.0,4,186.0
2020_05,ferrari,4,43.0,0,43.0
2020_05,racing_point,5,42.0,0,42.0
2020_05,renault,6,32.0,0,32.0
2020_05,mclaren,3,51.0,0,51.0
2020_05,alphatauri,7,13.0,0,13.0
2020_05,alfa,8,2.0,0,2.0
2020_05,haas,9,1.0,0,1.0
2020_05,williams,10,0.0,0,0.0
2020_06,mercedes,1,180.0,4,220.0
2020_06,red_bull,2,113.0,1,123.0
2020_06,racing_point,3,56.0,0,56.0
2020_06,mclaren,5,53.0,0,53.0
2020_06,ferrari,4,55.0,0,55.0
2020_06,alphatauri,7,14.0,0,14.0
2020_06,renault,6,36.0,0,36.0
2020_06,alfa,8,2.0,0,2.0
2020_06,haas,9,1.0,0,1.0
2020_06,williams,10,0.0,0,0.0
2020_07,mercedes,1,221.0,5,271.0
2020_07,red_bull,2,135.0,1,145.0
2020_07,renault,6,36.0,0,36.0
2020_07,mclaren,4,62.0,0,62.0
2020_07,alphatauri,7,16.0,0,16.0
2020_07,racing_point,3,78.0,0,78.0
2020_07,alfa,8,2.0,0,2.0
2020_07,ferrari,5,61.0,0,61.0
2020_07,haas,9,1.0,0,1.0
2020_07,williams,10,0.0,0,0.0
2020_08,alphatauri,7,20.0,0,20.0
2020_08,mclaren,4,68.0,0,68.0
2020_08,racing_point,3,81.0,0,81.0
2020_08,mercedes,1,264.0,6,324.0
2020_08,renault,6,59.0,0,59.0
2020_08,williams,10,0.0,0,0.0
2020_08,haas,9,1.0,0,1.0
2020_08,alfa,8,2.0,0,2.0
2020_08,red_bull,2,158.0,1,168.0
2020_08,ferrari,5,61.0,0,61.0
2020_09,mercedes,1,281.0,6,341.0
2020_09,red_bull,2,158.0,1,168.0
2020_09,renault,5,71.0,0,71.0
2020_09,racing_point,4,97.0,0,97.0
2020_09,mclaren,3,98.0,0,98.0
2020_09,alphatauri,7,47.0,1,57.0
2020_09,ferrari,6,61.0,0,61.0
2020_09,alfa,8,2.0,0,2.0
2020_09,williams,10,0.0,0,0.0
2020_09,haas,9,1.0,0,1.0
2020_10,mercedes,1,325.0,7,395.0
2020_10,red_bull,2,173.0,1,183.0
2020_10,racing_point,3,107.0,0,107.0
2020_10,renault,5,83.0,0,83.0
2020_10,ferrari,6,66.0,0,66.0
2020_10,alphatauri,7,53.0,1,63.0
2020_10,alfa,8,4.0,0,4.0
2020_10,haas,9,1.0,0,1.0
2020_10,mclaren,4,106.0,0,106.0
2020_10,williams,10,0.0,0,0.0
2020_11,mercedes,1,366.0,8,446.0
2020_11,red_bull,2,192.0,1,202.0
2020_11,renault,5,99.0,0,99.0
2020_11,racing_point,3,119.0,0,119.0
2020_11,mclaren,4,106.0,0,106.0
2020_11,alphatauri,7,59.0,1,69.0
2020_11,ferrari,6,74.0,0,74.0
2020_11,haas,9,1.0,0,1.0
2020_11,alfa,8,4.0,0,4.0
2020_11,williams,10,0.0,0,0.0
2020_12,mercedes,1,391.0,9,481.0
2020_12,red_bull,2,211.0,1,221.0
2020_12,ferrari,6,80.0,0,80.0
2020_12,alphatauri,7,67.0,1,77.0
2020_12,mclaren,4,116.0,0,116.0
2020_12,racing_point,3,135.0,0,135.0
2020_12,renault,5,114.0,0,114.0
2020_12,alfa,8,5.0,0,5.0
2020_12,williams,10,0.0,0,0.0
2020_12,haas,9,3.0,0,3.0
2020_13,mercedes,1,435.0,10,535.0
2020_13,renault,5,120.0,0,120.0
2020_13,alphatauri,7,77.0,1,87.0
2020_13,ferrari,6,93.0,0,93.0
2020_13,racing_point,3,141.0,0,141.0
2020_13,mclaren,4,124.0,0,124.0
2020_13,alfa,8,5.0,0,5.0
2020_13,williams,10,0.0,0,0.0
2020_13,haas,9,3.0,0,3.0
2020_13,red_bull,2,226.0,1,236.0
2020_14,mercedes,1,479.0,11,589.0
2020_14,racing_point,3,149.0,0,149.0
2020_14,ferrari,6,103.0,0,103.0
2020_14,mclaren,5,134.0,0,134.0
2020_14,red_bull,2,226.0,1,236.0
2020_14,renault,4,135.0,0,135.0
2020_14,alphatauri,7,89.0,1,99.0
2020_14,alfa,8,8.0,0,8.0
2020_14,williams,10,0.0,0,0.0
2020_14,haas,9,3.0,0,3.0
2020_15,mercedes,1,504.0,12,624.0
2020_15,red_bull,2,240.0,1,250.0
2020_15,mclaren,4,149.0,0,149.0
2020_15,alphatauri,7,89.0,1,99.0
2020_15,renault,5,136.0,0,136.0
2020_15,ferrari,6,130.0,0,130.0
2020_15,williams,10,0.0,0,0.0
2020_15,alfa,8,8.0,0,8.0
2020_15,haas,9,3.0,0,3.0
2020_15,racing_point,3,169.0,0,169.0
2020_16,racing_point,4,169.0,0,169.0
2020_16,renault,5,144.0,0,144.0
2020_16,mclaren,3,171.0,0,171.0
2020_16,red_bull,2,274.0,1,284.0
2020_16,alphatauri,7,97.0,1,107.0
2020_16,mercedes,1,533.0,13,663.0
2020_16,ferrari,6,131.0,0,131.0
2020_16,alfa,8,8.0,0,8.0
2020_16,haas,9,3.0,0,3.0
2020_16,williams,10,0.0,0,0.0
2020_17,red_bull,2,282.0,1,292.0
2020_17,mercedes,1,540.0,13,670.0
2020_17,mclaren,4,184.0,0,184.0
2020_17,renault,5,172.0,0,172.0
2020_17,alphatauri,7,103.0,1,113.0
2020_17,racing_point,3,209.0,1,219.0
2020_17,alfa,8,8.0,0,8.0
2020_17,ferrari,6,131.0,0,131.0
2020_17,williams,10,0.0,0,0.0
2020_17,haas,9,3.0,0,3.0
2021_01,mercedes,0,0.0,0,0.0
2021_01,red_bull,0,0.0,0,0.0
2021_01,mclaren,0,0.0,0,0.0
2021_01,ferrari,0,0.0,0,0.0
2021_01,alphatauri,0,0.0,0,0.0
2021_01,aston_martin,0,0.0,0,0.0
2021_01,alfa,0,0.0,0,0.0
2021_01,alpine,0,0.0,0,0.0
2021_01,williams,0,0.0,0,0.0
2021_01,haas,0,0.0,0,0.0
2021_02,red_bull,2,28.0,0,28.0
2021_02,mercedes,1,41.0,1,51.0
2021_02,mclaren,3,18.0,0,18.0
2021_02,ferrari,4,12.0,0,12.0
2021_02,alphatauri,5,2.0,0,2.0
2021_02,aston_martin,6,1.0,0,1.0
2021_02,alpine,8,0.0,0,0.0
2021_02,alfa,7,0.0,0,0.0
2021_02,haas,9,0.0,0,0.0
2021_02,williams,10,0.0,0,0.0
2021_03,mercedes,1,60.0,1,70.0
2021_03,red_bull,2,53.0,1,63.0
2021_03,mclaren,3,41.0,0,41.0
2021_03,ferrari,4,34.0,0,34.0
2021_03,alpine,7,3.0,0,3.0
2021_03,alphatauri,5,8.0,0,8.0
2021_03,alfa,8,0.0,0,0.0
2021_03,aston_martin,6,5.0,0,5.0
2021_03,williams,10,0.0,0,0.0
2021_03,haas,9,0.0,0,0.0
2021_04,mercedes,1,101.0,2,121.0
2021_04,red_bull,2,83.0,1,93.0
2021_04,ferrari,4,42.0,0,42.0
2021_04,mclaren,3,53.0,0,53.0
2021_04,alpine,5,13.0,0,13.0
2021_04,alphatauri,6,9.0,0,9.0
2021_04,aston_martin,7,5.0,0,5.0
2021_04,alfa,8,0.0,0,0.0
2021_04,williams,10,0.0,0,0.0
2021_04,haas,9,0.0,0,0.0
2021_05,red_bull,2,112.0,1,122.0
2021_05,ferrari,4,60.0,0,60.0
2021_05,mclaren,3,65.0,0,65.0
2021_05,aston_martin,7,5.0,0,5.0
2021_05,alphatauri,6,10.0,0,10.0
2021_05,mercedes,1,141.0,3,171.0
2021_05,alpine,5,15.0,0,15.0
2021_05,alfa,8,0.0,0,0.0
2021_05,williams,10,0.0,0,0.0
2021_05,haas,9,0.0,0,0.0
2021_06,red_bull,1,149.0,2,169.0
2021_06,aston_martin,5,19.0,0,19.0
2021_06,alphatauri,6,18.0,0,18.0
2021_06,ferrari,4,78.0,0,78.0
2021_06,mclaren,3,80.0,0,80.0
2021_06,alpine,7,17.0,0,17.0
2021_06,alfa,8,1.0,0,1.0
2021_06,mercedes,2,148.0,3,178.0
2021_06,haas,9,0.0,0,0.0
2021_06,williams,10,0.0,0,0.0
2021_07,red_bull,1,174.0,3,204.0
2021_07,mercedes,2,148.0,3,178.0
2021_07,mclaren,4,92.0,0,92.0
2021_07,alphatauri,5,39.0,0,39.0
2021_07,alpine,7,25.0,0,25.0
2021_07,aston_martin,6,37.0,0,37.0
2021_07,ferrari,3,94.0,0,94.0
2021_07,williams,10,0.0,0,0.0
2021_07,alfa,8,2.0,0,2.0
2021_07,haas,9,0.0,0,0.0
2021_08,red_bull,1,215.0,4,255.0
2021_08,mercedes,2,178.0,3,208.0
2021_08,mclaren,3,110.0,0,110.0
2021_08,ferrari,4,94.0,0,94.0
2021_08,aston_martin,6,40.0,0,40.0
2021_08,alpine,7,29.0,0,29.0
2021_08,alphatauri,5,45.0,0,45.0
2021_08,alfa,8,2.0,0,2.0
2021_08,haas,9,0.0,0,0.0
2021_08,williams,10,0.0,0,0.0
2021_09,red_bull,1,252.0,5,302.0
2021_09,mercedes,2,212.0,3,242.0
2021_09,mclaren,3,120.0,0,120.0
2021_09,ferrari,4,108.0,0,108.0
2021_09,alphatauri,5,46.0,0,46.0
2021_09,alpine,7,31.0,0,31.0
2021_09,williams,10,0.0,0,0.0
2021_09,aston_martin,6,44.0,0,44.0
2021_09,alfa,8,2.0,0,2.0
2021_09,haas,9,0.0,0,0.0
2021_10,mercedes,2,242.0,3,272.0
2021_10,ferrari,4,122.0,0,122.0
2021_10,mclaren,3,141.0,0,141.0
2021_10,alpine,7,32.0,0,32.0
2021_10,aston_martin,6,44.0,0,44.0
2021_10,alphatauri,5,48.0,0,48.0
2021_10,williams,10,0.0,0,0.0
2021_10,alfa,8,2.0,0,2.0
2021_10,red_bull,1,286.0,6,346.0
2021_10,haas,9,0.0,0,0.0
2021_11,alpine,7,40.0,0,40.0
2021_11,mercedes,2,282.0,4,322.0
2021_11,ferrari,4,148.0,0,148.0
2021_11,alphatauri,5,49.0,0,49.0
2021_11,williams,10,0.0,0,0.0
2021_11,red_bull,1,286.0,6,346.0
2021_11,alfa,8,2.0,0,2.0
2021_11,mclaren,3,163.0,0,163.0
2021_11,haas,9,0.0,0,0.0
2021_11,aston_martin,6,48.0,0,48.0
2021_12,red_bull,2,288.0,6,348.0
2021_12,williams,8,10.0,0,10.0
2021_12,mercedes,1,300.0,4,340.0
2021_12,mclaren,4,163.0,0,163.0
2021_12,aston_martin,7,48.0,0,48.0
2021_12,alphatauri,6,68.0,0,68.0
2021_12,alpine,5,77.0,1,87.0
2021_12,ferrari,3,163.0,0,163.0
2021_12,alfa,9,3.0,0,3.0
2021_12,haas,10,0.0,0,0.0
2021_13,red_bull,2,300.5,7,370.5
2021_13,mercedes,1,307.5,4,347.5
2021_13,alphatauri,6,72.0,0,72.0
2021_13,ferrari,4,165.5,0,165.5
2021_13,alpine,5,80.0,1,90.0
2021_13,mclaren,3,169.0,0,169.0
2021_13,aston_martin,7,53.0,0,53.0
2021_13,alfa,9,3.0,0,3.0
2021_13,williams,8,20.0,0,20.0
2021_13,haas,10,0.0,0,0.0
2021_14,mclaren,4,170.0,0,170.0
2021_14,mercedes,1,341.5,4,381.5
2021_14,ferrari,3,181.5,0,181.5
2021_14,red_bull,2,329.5,8,409.5
2021_14,aston_martin,7,53.0,0,53.0
2021_14,alpine,5,90.0,1,100.0
2021_14,williams,8,20.0,0,20.0
2021_14,alfa,9,3.0,0,3.0
2021_14,haas,10,0.0,0,0.0
2021_14,alphatauri,6,84.0,0,84.0
2021_15,mercedes,1,356.5,4,396.5
2021_15,red_bull,2,339.5,8,419.5
2021_15,ferrari,4,201.5,0,201.5
2021_15,mclaren,3,214.0,1,224.0
2021_15,alpine,5,95.0,1,105.0
2021_15,alfa,9,3.0,0,3.0
2021_15,williams,8,22.0,0,22.0
2021_15,aston_martin,7,59.0,0,59.0
2021_15,alphatauri,6,84.0,0,84.0
2021_15,haas,10,0.0,0,0.0
2021_16,mercedes,1,391.5,5,441.5
2021_16,red_bull,2,359.5,8,439.5
2021_16,ferrari,4,216.5,0,216.5
2021_16,alphatauri,6,84.0,0,84.0
2021_16,mclaren,3,233.0,1,243.0
2021_16,aston_martin,7,59.0,0,59.0
2021_16,alpine,5,103.0,1,113.0
2021_16,alfa,9,7.0,0,7.0
2021_16,williams,8,23.0,0,23.0
2021_16,haas,10,0.0,0,0.0
2021_17,red_bull,2,392.5,8,472.5
2021_17,mercedes,1,427.5,6,487.5
2021_17,ferrari,4,232.5,0,232.5
2021_17,mclaren,3,239.0,1,249.0
2021_17,alphatauri,6,92.0,0,92.0
2021_17,aston_martin,7,61.0,0,61.0
2021_17,alfa,9,7.0,0,7.0
2021_17,williams,8,23.0,0,23.0
2021_17,haas,10,0.0,0,0.0
2021_17,alpine,5,104.0,1,114.0
2021_18,red_bull,2,432.5,9,522.5
2021_18,mercedes,1,454.5,6,514.5
2021_18,alphatauri,6,94.0,0,94.0
2021_18,ferrari,4,250.5,0,250.5
2021_18,aston_martin,7,62.0,0,62.0
2021_18,alfa,9,7.0,0,7.0
2021_18,alpine,5,104.0,1,114.0
2021_18,mclaren,3,253.0,1,263.0
2021_18,williams,8,23.0,0,23.0
2021_18,haas,10,0.0,0,0.0
2021_19,mercedes,2,472.5,6,532.5
2021_19,red_bull,1,472.5,10,572.5
2021_19,ferrari,3,268.5,0,268.5
2021_19,alphatauri,6,106.0,0,106.0
2021_19,alpine,5,106.0,1,116.0
2021_19,mclaren,4,254.0,1,264.0
2021_19,aston_martin,7,68.0,0,68.0
2021_19,alfa,9,11.0,0,11.0
2021_19,williams,8,23.0,0,23.0
2021_19,haas,10,0.0,0,0.0
2021_20,mercedes,1,512.5,7,582.5
2021_20,red_bull,2,503.5,10,603.5
2021_20,alpine,5,112.0,1,122.0
2021_20,aston_martin,7,68.0,0,68.0
2021_20,ferrari,3,286.5,0,286.5
2021_20,mclaren,4,255.0,1,265.0
2021_20,alphatauri,6,112.0,0,112.0
2021_20,alfa,9,11.0,0,11.0
2021_20,haas,10,0.0,0,0.0
2021_20,williams,8,23.0,0,23.0
2021_21,mercedes,1,537.5,8,617.5
2021_21,red_bull,2,534.5,10,634.5
2021_21,alpine,5,137.0,1,147.0
2021_21,mclaren,4,257.0,1,267.0
2021_21,alphatauri,6,112.0,0,112.0
2021_21,ferrari,3,296.5,0,296.5
2021_21,alfa,9,11.0,0,11.0
2021_21,aston_martin,7,77.0,0,77.0
2021_21,williams,8,23.0,0,23.0
2021_21,haas,10,0.0,0,0.0
2021_22,red_bull,2,552.5,10,652.5
2021_22,mercedes,1,578.5,9,668.5
2021_22,ferrari,3,306.5,0,306.5
2021_22,alphatauri,6,120.0,0,120.0
2021_22,mclaren,4,268.0,1,278.0
2021_22,alpine,5,149.0,1,159.0
2021_22,aston_martin,7,77.0,0,77.0
2021_22,haas,10,0.0,0,0.0
2021_22,williams,8,23.0,0,23.0
2021_22,alfa,9,13.0,0,13.0
2022_01,ferrari,0,0.0,0,0.0
2022_01,mercedes,0,0.0,0,0.0
2022_01,haas,0,0.0,0,0.0
2022_01,alfa,0,0.0,0,0.0
2022_01,alpine,0,0.0,0,0.0
2022_01,alphatauri,0,0.0,0,0.0
2022_01,aston_martin,0,0.0,0,0.0
2022_01,williams,0,0.0,0,0.0
2022_01,mclaren,0,0.0,0,0.0
2022_01,red_bull,0,0.0,0,0.0
2022_02,red_bull,9,0.0,0,0.0
2022_02,ferrari,1,44.0,1,54.0
2022_02,mercedes,2,27.0,0,27.0
2022_02,alpine,5,8.0,0,8.0
2022_02,mclaren,8,0.0,0,0.0
2022_02,alphatauri,6,4.0,0,4.0
2022_02,haas,3,10.0,0,10.0
2022_02,alfa,4,9.0,0,9.0
2022_02,aston_martin,7,0.0,0,0.0
2022_02,williams,10,0.0,0,0.0
2022_03,ferrari,1,78.0,1,88.0
2022_03,red_bull,3,37.0,1,47.0
2022_03,mercedes,2,38.0,0,38.0
2022_03,mclaren,8,6.0,0,6.0
2022_03,alpine,4,16.0,0,16.0
2022_03,alfa,6,9.0,0,9.0
2022_03,alphatauri,7,8.0,0,8.0
2022_03,williams,10,0.0,0,0.0
2022_03,aston_martin,9,0.0,0,0.0
2022_03,haas,5,12.0,0,12.0
2022_04,red_bull,3,55.0,1,65.0
2022_04,mclaren,4,24.0,0,24.0
2022_04,mercedes,2,65.0,0,65.0
2022_04,alfa,6,13.0,0,13.0
2022_04,ferrari,1,104.0,2,124.0
2022_04,alphatauri,8,10.0,0,10.0
2022_04,aston_martin,10,0.0,0,0.0
2022_04,haas,7,12.0,0,12.0
2022_04,williams,9,1.0,0,1.0
2022_04,alpine,5,22.0,0,22.0
2022_05,red_bull,2,99.0,2,119.0
2022_05,ferrari,1,112.0,2,132.0
2022_05,mercedes,3,77.0,0,77.0
2022_05,alfa,5,23.0,0,23.0
2022_05,alpine,6,22.0,0,22.0
2022_05,williams,10,1.0,0,1.0
2022_05,aston_martin,9,5.0,0,5.0
2022_05,alphatauri,7,16.0,0,16.0
2022_05,mclaren,4,39.0,0,39.0
2022_05,haas,8,14.0,0,14.0
2022_06,red_bull,2,137.0,3,167.0
2022_06,mercedes,3,95.0,0,95.0
2022_06,ferrari,1,145.0,2,165.0
2022_06,alfa,5,29.0,0,29.0
2022_06,alpine,6,26.0,0,26.0
2022_06,mclaren,4,39.0,0,39.0
2022_06,alphatauri,7,16.0,0,16.0
2022_06,aston_martin,9,6.0,0,6.0
2022_06,haas,8,14.0,0,14.0
2022_06,williams,10,3.0,0,3.0
2022_07,red_bull,1,181.0,4,221.0
2022_07,ferrari,2,157.0,2,177.0
2022_07,mercedes,3,120.0,0,120.0
2022_07,mclaren,4,43.0,0,43.0
2022_07,alpine,6,34.0,0,34.0
2022_07,alfa,5,37.0,0,37.0
2022_07,aston_martin,9,6.0,0,6.0
2022_07,alphatauri,7,17.0,0,17.0
2022_07,williams,10,3.0,0,3.0
2022_07,haas,8,14.0,0,14.0
2022_08,red_bull,1,221.0,5,271.0
2022_08,mercedes,3,134.0,0,134.0
2022_08,alphatauri,7,17.0,0,17.0
2022_08,aston_martin,9,7.0,0,7.0
2022_08,alpine,5,40.0,0,40.0
2022_08,mclaren,4,52.0,0,52.0
2022_08,alfa,6,39.0,0,39.0
2022_08,williams,10,3.0,0,3.0
2022_08,haas,8,14.0,0,14.0
2022_08,ferrari,2,187.0,2,207.0
2022_09,red_bull,1,265.0,6,325.0
2022_09,ferrari,2,187.0,2,207.0
2022_09,mercedes,3,161.0,0,161.0
2022_09,alpine,5,47.0,0,47.0
2022_09,alfa,6,39.0,0,39.0
2022_09,aston_martin,8,15.0,0,15.0
2022_09,mclaren,4,58.0,0,58.0
2022_09,williams,10,3.0,0,3.0
2022_09,alphatauri,7,27.0,0,27.0
2022_09,haas,9,14.0,0,14.0
2022_10,ferrari,2,216.0,2,236.0
2022_10,red_bull,1,290.0,7,360.0
2022_10,mercedes,3,188.0,0,188.0
2022_10,alpine,5,57.0,0,57.0
2022_10,mclaren,4,58.0,0,58.0
2022_10,haas,9,14.0,0,14.0
2022_10,aston_martin,8,16.0,0,16.0
2022_10,williams,10,3.0,0,3.0
2022_10,alphatauri,7,27.0,0,27.0
2022_10,alfa,6,49.0,0,49.0
2022_11,ferrari,2,253.0,3,283.0
2022_11,red_bull,1,314.0,7,384.0
2022_11,mercedes,3,204.0,0,204.0
2022_11,alpine,4,67.0,0,67.0
2022_11,haas,8,19.0,0,19.0
2022_11,mclaren,5,66.0,0,66.0
2022_11,alfa,6,49.0,0,49.0
2022_11,williams,10,3.0,0,3.0
2022_11,aston_martin,9,18.0,0,18.0
2022_11,alphatauri,7,27.0,0,27.0
2022_12,red_bull,1,333.0,7,403.0
2022_12,mercedes,3,231.0,0,231.0
2022_12,ferrari,2,278.0,4,318.0
2022_12,alpine,4,78.0,0,78.0
2022_12,mclaren,5,74.0,0,74.0
2022_12,aston_martin,9,18.0,0,18.0
2022_12,alphatauri,8,27.0,0,27.0
2022_12,williams,10,3.0,0,3.0
2022_12,alfa,6,49.0,0,49.0
2022_12,haas,7,31.0,0,31.0
2022_13,red_bull,1,370.0,8,450.0
2022_13,mercedes,3,264.0,0,264.0
2022_13,ferrari,2,289.0,4,329.0
2022_13,mclaren,5,82.0,0,82.0
2022_13,alpine,4,90.0,0,90.0
2022_13,aston_martin,9,19.0,0,19.0
2022_13,alphatauri,8,27.0,0,27.0
2022_13,alfa,6,49.0,0,49.0
2022_13,haas,7,31.0,0,31.0
2022_13,williams,10,3.0,0,3.0
2022_14,red_bull,1,405.0,9,495.0
2022_14,ferrari,2,309.0,4,349.0
2022_14,mercedes,3,298.0,0,298.0
2022_14,alpine,4,96.0,0,96.0
2022_14,aston_martin,9,20.0,0,20.0
2022_14,alphatauri,8,27.0,0,27.0
2022_14,williams,10,3.0,0,3.0
2022_14,mclaren,5,88.0,0,88.0
2022_14,alfa,6,49.0,0,49.0
2022_14,haas,7,31.0,0,31.0
2022_15,red_bull,1,449.0,10,549.0
2022_15,mercedes,3,310.0,0,310.0
2022_15,ferrari,2,332.0,4,372.0
2022_15,alpine,4,112.0,0,112.0
2022_15,mclaren,5,88.0,0,88.0
2022_15,aston_martin,9,24.0,0,24.0
2022_15,alphatauri,8,29.0,0,29.0
2022_15,williams,10,4.0,0,4.0
2022_15,haas,7,31.0,0,31.0
2022_15,alfa,6,49.0,0,49.0
2022_16,red_bull,1,485.0,11,595.0
2022_16,ferrari,2,351.0,4,391.0
2022_16,mercedes,3,340.0,0,340.0
2022_16,mclaren,5,94.0,0,94.0
2022_16,alphatauri,8,29.0,0,29.0
2022_16,williams,10,4.0,0,4.0
2022_16,alfa,6,49.0,0,49.0
2022_16,alpine,4,122.0,0,122.0
2022_16,haas,7,31.0,0,31.0
2022_16,aston_martin,9,25.0,0,25.0
2022_17,red_bull,1,519.0,12,639.0
2022_17,ferrari,2,381.0,4,421.0
2022_17,mclaren,5,100.0,0,100.0
2022_17,aston_martin,9,25.0,0,25.0
2022_17,mercedes,3,365.0,0,365.0
2022_17,alphatauri,7,33.0,0,33.0
2022_17,alfa,6,50.0,0,50.0
2022_17,haas,8,31.0,0,31.0
2022_17,alpine,4,122.0,0,122.0
2022_17,williams,10,6.0,0,6.0
2022_18,red_bull,1,550.0,13,680.0
2022_18,ferrari,2,414.0,4,454.0
2022_18,alpine,4,122.0,0,122.0
2022_18,mercedes,3,367.0,0,367.0
2022_18,aston_martin,7,37.0,0,37.0
2022_18,williams,10,6.0,0,6.0
2022_18,mclaren,5,122.0,0,122.0
2022_18,alphatauri,8,34.0,0,34.0
2022_18,haas,9,31.0,0,31.0
2022_18,alfa,6,50.0,0,50.0
2022_19,red_bull,1,593.0,14,733.0
2022_19,mercedes,3,381.0,0,381.0
2022_19,ferrari,2,429.0,4,469.0
2022_19,mclaren,5,123.0,0,123.0
2022_19,alpine,4,140.0,0,140.0
2022_19,aston_martin,7,45.0,0,45.0
2022_19,haas,9,31.0,0,31.0
2022_19,alphatauri,8,34.0,0,34.0
2022_19,alfa,6,50.0,0,50.0
2022_19,williams,10,8.0,0,8.0
2022_20,red_bull,1,630.0,15,780.0
2022_20,mercedes,3,410.0,0,410.0
2022_20,ferrari,2,444.0,4,484.0
2022_20,mclaren,5,131.0,0,131.0
2022_20,alpine,4,146.0,0,146.0
2022_20,alfa,6,50.0,0,50.0
2022_20,alphatauri,8,35.0,0,35.0
2022_20,williams,10,8.0,0,8.0
2022_20,aston_martin,7,49.0,0,49.0
2022_20,haas,9,33.0,0,33.0
2022_21,mercedes,3,441.0,0,441.0
2022_21,ferrari,2,462.0,4,502.0
2022_21,alpine,4,150.0,0,150.0
2022_21,red_bull,1,670.0,16,830.0
2022_21,alfa,6,51.0,0,51.0
2022_21,aston_martin,7,49.0,0,49.0
2022_21,haas,9,33.0,0,33.0
2022_21,alphatauri,8,35.0,0,35.0
2022_21,williams,10,8.0,0,8.0
2022_21,mclaren,5,139.0,0,139.0
2022_22,red_bull,1,684.0,16,844.0
2022_22,ferrari,2,489.0,4,529.0
2022_22,mercedes,3,485.0,1,495.0
2022_22,mclaren,5,139.0,0,139.0
2022_22,alpine,4,164.0,0,164.0
2022_22,aston_martin,7,50.0,0,50.0
2022_22,alphatauri,8,35.0,0,35.0
2022_22,alfa,6,53.0,0,53.0
2022_22,williams,10,8.0,0,8.0
2022_22,haas,9,33.0,0,33.0
2023_01,red_bull,0,0.0,0,0.0
2023_01,aston_martin,0,0.0,0,0.0
2023_01,ferrari,0,0.0,0,0.0
2023_01,mercedes,0,0.0,0,0.0
2023_01,alfa,0,0.0,0,0.0
2023_01,alpine,0,0.0,0,0.0
2023_01,williams,0,0.0,0,0.0
2023_01,alphatauri,0,0.0,0,0.0
2023_01,haas,0,0.0,0,0.0
2023_01,mclaren,0,0.0,0,0.0
2023_02,red_bull,1,43.0,1,53.0
2023_02,aston_martin,2,23.0,0,23.0
2023_02,mercedes,3,16.0,0,16.0
2023_02,ferrari,4,12.0,0,12.0
2023_02,alpine,6,2.0,0,2.0
2023_02,haas,9,0.0,0,0.0
2023_02,alphatauri,8,0.0,0,0.0
2023_02,alfa,5,4.0,0,4.0
2023_02,mclaren,10,0.0,0,0.0
2023_02,williams,7,1.0,0,1.0
2023_03,red_bull,1,87.0,2,107.0
2023_03,mercedes,3,38.0,0,38.0
2023_03,aston_martin,2,38.0,0,38.0
2023_03,mclaren,10,0.0,0,0.0
2023_03,haas,7,1.0,0,1.0
2023_03,alfa,6,4.0,0,4.0
2023_03,alphatauri,9,0.0,0,0.0
2023_03,ferrari,4,26.0,0,26.0
2023_03,alpine,5,8.0,0,8.0
2023_03,williams,8,1.0,0,1.0
2023_04,red_bull,1,123.0,3,153.0
2023_04,ferrari,4,26.0,0,26.0
2023_04,aston_martin,2,65.0,0,65.0
2023_04,mercedes,3,56.0,0,56.0
2023_04,mclaren,5,12.0,0,12.0
2023_04,alphatauri,9,1.0,0,1.0
2023_04,williams,10,1.0,0,1.0
2023_04,haas,7,7.0,0,7.0
2023_04,alpine,6,8.0,0,8.0
2023_04,alfa,8,6.0,0,6.0
2023_05,red_bull,1,166.0,4,206.0
2023_05,aston_martin,2,83.0,0,83.0
2023_05,mercedes,3,69.0,0,69.0
2023_05,ferrari,4,51.0,0,51.0
2023_05,alpine,6,8.0,0,8.0
2023_05,haas,7,7.0,0,7.0
2023_05,alphatauri,9,2.0,0,2.0
2023_05,alfa,8,6.0,0,6.0
2023_05,williams,10,1.0,0,1.0
2023_05,mclaren,5,14.0,0,14.0
2023_06,red_bull,1,210.0,5,260.0
2023_06,aston_martin,2,98.0,0,98.0
2023_06,alpine,5,14.0,0,14.0
2023_06,mercedes,3,89.0,0,89.0
2023_06,ferrari,4,67.0,0,67.0
2023_06,mclaren,6,14.0,0,14.0
2023_06,alfa,8,6.0,0,6.0
2023_06,alphatauri,9,2.0,0,2.0
2023_06,williams,10,1.0,0,1.0
2023_06,haas,7,8.0,0,8.0
2023_07,red_bull,1,235.0,6,295.0
2023_07,mercedes,3,112.0,0,112.0
2023_07,ferrari,4,79.0,0,79.0
2023_07,aston_martin,2,116.0,0,116.0
2023_07,alpine,5,35.0,0,35.0
2023_07,alfa,8,6.0,0,6.0
2023_07,alphatauri,9,2.0,0,2.0
2023_07,mclaren,6,17.0,0,17.0
2023_07,haas,7,8.0,0,8.0
2023_07,williams,10,1.0,0,1.0
2023_08,red_bull,1,273.0,7,343.0
2023_08,aston_martin,3,130.0,0,130.0
2023_08,mercedes,2,145.0,0,145.0
2023_08,ferrari,4,89.0,0,89.0
2023_08,williams,10,1.0,0,1.0
2023_08,alpine,5,40.0,0,40.0
2023_08,alfa,7,8.0,0,8.0
2023_08,mclaren,6,17.0,0,17.0
2023_08,alphatauri,9,2.0,0,2.0
2023_08,haas,8,8.0,0,8.0
2023_09,red_bull,1,307.0,8,387.0
2023_09,ferrari,4,111.0,0,111.0
2023_09,mclaren,6,17.0,0,17.0
2023_09,aston_martin,3,150.0,0,150.0
2023_09,mercedes,2,160.0,0,160.0
2023_09,alpine,5,44.0,0,44.0
2023_09,williams,9,7.0,0,7.0
2023_09,alfa,7,9.0,0,9.0
2023_09,alphatauri,10,2.0,0,2.0
2023_09,haas,8,8.0,0,8.0
2023_10,red_bull,1,348.0,9,438.0
2023_10,mclaren,6,29.0,0,29.0
2023_10,mercedes,2,170.0,0,170.0
2023_10,aston_martin,3,162.0,0,162.0
2023_10,williams,9,7.0,0,7.0
2023_10,ferrari,4,137.0,0,137.0
2023_10,alfa,7,9.0,0,9.0
2023_10,haas,8,8.0,0,8.0
2023_10,alphatauri,10,2.0,0,2.0
2023_10,alpine,5,45.0,0,45.0
2023_11,red_bull,1,382.0,10,482.0
2023_11,mclaren,5,59.0,0,59.0
2023_11,mercedes,2,195.0,0,195.0
2023_11,ferrari,4,140.0,0,140.0
2023_11,aston_martin,3,168.0,0,168.0
2023_11,williams,7,11.0,0,11.0
2023_11,alfa,8,9.0,0,9.0
2023_11,alphatauri,10,2.0,0,2.0
2023_11,haas,9,8.0,0,8.0
2023_11,alpine,6,45.0,0,45.0
2023_12,red_bull,1,423.0,11,533.0
2023_12,ferrari,4,150.0,0,150.0
2023_12,mercedes,2,215.0,0,215.0
2023_12,aston_martin,3,171.0,0,171.0
2023_12,mclaren,5,87.0,0,87.0
2023_12,alpine,6,45.0,0,45.0
2023_12,alphatauri,10,2.0,0,2.0
2023_12,alfa,8,9.0,0,9.0
2023_12,williams,7,11.0,0,11.0
2023_12,haas,9,8.0,0,8.0
2023_13,red_bull,1,466.0,12,586.0
2023_13,aston_martin,3,183.0,0,183.0
2023_13,alpine,6,49.0,0,49.0
2023_13,ferrari,4,165.0,0,165.0
2023_13,mercedes,2,236.0,0,236.0
2023_13,mclaren,5,93.0,0,93.0
2023_13,williams,7,11.0,0,11.0
2023_13,haas,9,8.0,0,8.0
2023_13,alphatauri,10,3.0,0,3.0
2023_13,alfa,8,9.0,0,9.0
2023_14,red_bull,1,503.0,13,633.0
2023_14,ferrari,4,175.0,0,175.0
2023_14,mercedes,2,244.0,0,244.0
2023_14,williams,7,15.0,0,15.0
2023_14,mclaren,5,101.0,0,101.0
2023_14,aston_martin,3,202.0,0,202.0
2023_14,alfa,8,9.0,0,9.0
2023_14,alphatauri,10,3.0,0,3.0
2023_14,alpine,6,65.0,0,65.0
2023_14,haas,9,8.0,0,8.0
2023_15,ferrari,4,202.0,0,202.0
2023_15,mclaren,5,105.0,0,105.0
2023_15,mercedes,2,262.0,0,262.0
2023_15,red_bull,1,546.0,14,686.0
2023_15,alpine,6,65.0,0,65.0
2023_15,alphatauri,10,3.0,0,3.0
2023_15,haas,9,8.0,0,8.0
2023_15,williams,7,21.0,0,21.0
2023_15,alfa,8,10.0,0,10.0
2023_15,aston_martin,3,204.0,0,204.0
2023_16,red_bull,1,560.0,14,700.0
2023_16,mclaren,5,129.0,0,129.0
2023_16,ferrari,3,239.0,1,249.0
2023_16,mercedes,2,278.0,0,278.0
2023_16,aston_martin,4,204.0,0,204.0
2023_16,alpine,6,73.0,0,73.0
2023_16,alphatauri,10,5.0,0,5.0
2023_16,alfa,8,10.0,0,10.0
2023_16,haas,9,9.0,0,9.0
2023_16,williams,7,21.0,0,21.0
2023_17,red_bull,1,586.0,15,736.0
2023_17,mclaren,5,162.0,0,162.0
2023_17,mercedes,2,294.0,0,294.0
2023_17,ferrari,3,259.0,1,269.0
2023_17,aston_martin,4,208.0,0,208.0
2023_17,alpine,6,76.0,0,76.0
2023_17,alfa,8,10.0,0,10.0
2023_17,williams,7,21.0,0,21.0
2023_17,haas,9,9.0,0,9.0
2023_17,alphatauri,10,5.0,0,5.0
2023_18,red_bull,1,613.0,16,773.0
2023_18,mclaren,5,195.0,0,195.0
2023_18,ferrari,3,269.0,1,279.0
2023_18,mercedes,2,306.0,0,306.0
2023_18,alpine,6,82.0,0,82.0
2023_18,aston_martin,4,216.0,0,216.0
2023_18,alphatauri,10,5.0,0,5.0
2023_18,williams,7,21.0,0,21.0
2023_18,haas,9,9.0,0,9.0
2023_18,alfa,8,16.0,0,16.0
2023_19,red_bull,1,650.0,17,820.0
2023_19,mercedes,2,316.0,0,316.0
2023_19,ferrari,3,284.0,1,294.0
2023_19,mclaren,5,213.0,0,213.0
2023_19,alphatauri,9,10.0,0,10.0
2023_19,williams,7,24.0,0,24.0
2023_19,alpine,6,90.0,0,90.0
2023_19,haas,10,9.0,0,9.0
2023_19,alfa,8,16.0,0,16.0
2023_19,aston_martin,4,222.0,0,222.0
2023_20,red_bull,1,675.0,18,855.0
2023_20,mclaren,4,227.0,0,227.0
2023_20,aston_martin,5,222.0,0,222.0
2023_20,ferrari,3,311.0,1,321.0
2023_20,alpine,6,91.0,0,91.0
2023_20,mercedes,2,343.0,0,343.0
2023_20,alphatauri,9,16.0,0,16.0
2023_20,williams,7,26.0,0,26.0
2023_20,haas,10,9.0,0,9.0
2023_20,alfa,8,16.0,0,16.0
2023_21,red_bull,1,712.0,19,902.0
2023_21,ferrari,3,319.0,1,329.0
2023_21,alpine,6,98.0,0,98.0
2023_21,aston_martin,4,247.0,0,247.0
2023_21,mercedes,2,347.0,0,347.0
2023_21,mclaren,5,246.0,0,246.0
2023_21,williams,7,26.0,0,26.0
2023_21,haas,10,9.0,0,9.0
2023_21,alphatauri,8,18.0,0,18.0
2023_21,alfa,9,16.0,0,16.0
2023_22,red_bull,1,752.0,20,952.0
2023_22,ferrari,3,345.0,1,355.0
2023_22,mercedes,2,357.0,0,357.0
2023_22,mclaren,5,248.0,0,248.0
2023_22,aston_martin,4,259.0,0,259.0
2023_22,alphatauri,8,18.0,0,18.0
2023_22,alpine,6,110.0,0,110.0
2023_22,williams,7,26.0,0,26.0
2023_22,haas,10,9.0,0,9.0
2023_22,alfa,9,16.0,0,16.0
2024_01,red_bull,0,0.0,0,0.0
2024_01,ferrari,0,0.0,0,0.0
2024_01,mercedes,0,0.0,0,0.0
2024_01,mclaren,0,0.0,0,0.0
2024_01,aston_martin,0,0.0,0,0.0
2024_01,sauber,0,0.0,0,0.0
2024_01,haas,0,0.0,0,0.0
2024_01,rb,0,0.0,0,0.0
2024_01,williams,0,0.0,0,0.0
2024_01,alpine,0,0.0,0,0.0
2024_02,red_bull,1,44.0,1,54.0
2024_02,ferrari,2,27.0,0,27.0
2024_02,mclaren,4,12.0,0,12.0
2024_02,aston_martin,5,3.0,0,3.0
2024_02,mercedes,3,16.0,0,16.0
2024_02,haas,7,0.0,0,0.0
2024_02,williams,10,0.0,0,0.0
2024_02,alpine,6,0.0,0,0.0
2024_02,rb,8,0.0,0,0.0
2024_02,sauber,9,0.0,0,0.0
2024_03,ferrari,2,49.0,0,49.0
2024_03,mclaren,3,28.0,0,28.0
2024_03,red_bull,1,87.0,2,107.0
2024_03,aston_martin,5,13.0,0,13.0
2024_03,rb,8,0.0,0,0.0
2024_03,haas,6,1.0,0,1.0
2024_03,williams,10,0.0,0,0.0
2024_03,alpine,7,0.0,0,0.0
2024_03,sauber,9,0.0,0,0.0
2024_03,mercedes,4,26.0,0,26.0
2024_04,red_bull,1,97.0,2,117.0
2024_04,ferrari,2,93.0,1,103.0
2024_04,mclaren,3,55.0,0,55.0
2024_04,aston_martin,5,25.0,0,25.0
2024_04,mercedes,4,26.0,0,26.0
2024_04,rb,6,6.0,0,6.0
2024_04,haas,7,4.0,0,4.0
2024_04,sauber,9,0.0,0,0.0
2024_04,alpine,8,0.0,0,0.0
2024_04,williams,10,0.0,0,0.0
2024_05,red_bull,1,141.0,3,171.0
2024_05,mclaren,3,69.0,0,69.0
2024_05,ferrari,2,120.0,1,130.0
2024_05,mercedes,4,34.0,0,34.0
2024_05,aston_martin,5,33.0,0,33.0
2024_05,haas,7,4.0,0,4.0
2024_05,alpine,8,0.0,0,0.0
2024_05,williams,10,0.0,0,0.0
2024_05,sauber,9,0.0,0,0.0
2024_05,rb,6,7.0,0,7.0
2024_06,mclaren,3,91.0,0,91.0
2024_06,red_bull,1,181.0,4,221.0
2024_06,ferrari,2,142.0,1,152.0
2024_06,mercedes,4,44.0,0,44.0
2024_06,rb,6,7.0,0,7.0
2024_06,aston_martin,5,40.0,0,40.0
2024_06,alpine,8,0.0,0,0.0
2024_06,haas,7,5.0,0,5.0
2024_06,sauber,9,0.0,0,0.0
2024_06,williams,10,0.0,0,0.0
2024_07,red_bull,1,211.0,4,251.0
2024_07,mclaren,3,116.0,1,126.0
2024_07,ferrari,2,167.0,1,177.0
2024_07,mercedes,4,56.0,0,56.0
2024_07,aston_martin,5,42.0,0,42.0
2024_07,rb,6,13.0,0,13.0
2024_07,haas,7,5.0,0,5.0
2024_07,alpine,8,1.0,0,1.0
2024_07,sauber,9,0.0,0,0.0
2024_07,williams,10,0.0,0,0.0
2024_08,ferrari,2,192.0,1,202.0
2024_08,mclaren,3,146.0,1,156.0
2024_08,mercedes,4,71.0,0,71.0
2024_08,red_bull,1,240.0,5,290.0
2024_08,rb,6,14.0,0,14.0
2024_08,williams,10,0.0,0,0.0
2024_08,alpine,8,1.0,0,1.0
2024_08,aston_martin,5,44.0,0,44.0
2024_08,sauber,9,0.0,0,0.0
2024_08,haas,7,5.0,0,5.0
2024_09,red_bull,1,248.0,5,298.0
2024_09,mclaren,3,176.0,1,186.0
2024_09,mercedes,4,88.0,0,88.0
2024_09,aston_martin,5,44.0,0,44.0
2024_09,rb,6,18.0,0,18.0
2024_09,alpine,8,2.0,0,2.0
2024_09,haas,7,5.0,0,5.0
2024_09,sauber,10,0.0,0,0.0
2024_09,ferrari,2,232.0,2,252.0
2024_09,williams,9,2.0,0,2.0
2024_10,red_bull,1,273.0,6,333.0
2024_10,mclaren,3,204.0,1,214.0
2024_10,mercedes,4,116.0,0,116.0
2024_10,ferrari,2,232.0,2,252.0
2024_10,alpine,7,5.0,0,5.0
2024_10,haas,8,5.0,0,5.0
2024_10,aston_martin,5,58.0,0,58.0
2024_10,sauber,10,0.0,0,0.0
2024_10,rb,6,22.0,0,22.0
2024_10,williams,9,2.0,0,2.0
2024_11,mercedes,4,143.0,0,143.0
2024_11,mclaren,3,229.0,1,239.0
2024_11,ferrari,2,250.0,2,270.0
2024_11,red_bull,1,302.0,7,372.0
2024_11,haas,8,5.0,0,5.0
2024_11,rb,6,22.0,0,22.0
2024_11,alpine,7,8.0,0,8.0
2024_11,aston_martin,5,58.0,0,58.0
2024_11,williams,9,2.0,0,2.0
2024_11,sauber,10,0.0,0,0.0
2024_12,mercedes,4,180.0,1,190.0
2024_12,red_bull,1,318.0,7,388.0
2024_12,mclaren,3,247.0,1,257.0
2024_12,ferrari,2,265.0,2,285.0
2024_12,haas,7,17.0,0,17.0
2024_12,aston_martin,5,58.0,0,58.0
2024_12,williams,9,2.0,0,2.0
2024_12,rb,6,24.0,0,24.0
2024_12,sauber,10,0.0,0,0.0
2024_12,alpine,8,9.0,0,9.0
2024_13,mclaren,3,274.0,1,284.0
2024_13,mercedes,4,205.0,2,225.0
2024_13,ferrari,2,276.0,2,296.0
2024_13,red_bull,1,336.0,7,406.0
2024_13,rb,7,25.0,0,25.0
2024_13,aston_martin,5,68.0,0,68.0
2024_13,haas,6,25.0,0,25.0
2024_13,williams,9,4.0,0,4.0
2024_13,sauber,10,0.0,0,0.0
2024_13,alpine,8,9.0,0,9.0
2024_14,mercedes,4,225.0,2,245.0
2024_14,mclaren,2,317.0,2,337.0
2024_14,ferrari,3,296.0,2,316.0
2024_14,red_bull,1,352.0,7,422.0
2024_14,aston_martin,5,69.0,0,69.0
2024_14,alpine,8,9.0,0,9.0
2024_14,rb,6,27.0,0,27.0
2024_14,williams,9,4.0,0,4.0
2024_14,haas,7,25.0,0,25.0
2024_14,sauber,10,0.0,0,0.0
2024_15,mclaren,2,345.0,2,365.0
2024_15,red_bull,1,371.0,7,441.0
2024_15,ferrari,3,319.0,2,339.0
2024_15,mercedes,4,250.0,3,280.0
2024_15,alpine,8,11.0,0,11.0
2024_15,aston_martin,5,73.0,0,73.0
2024_15,haas,7,25.0,0,25.0
2024_15,rb,6,28.0,0,28.0
2024_15,williams,9,4.0,0,4.0
2024_15,sauber,10,0.0,0,0.0
2024_16,ferrari,3,344.0,2,364.0
2024_16,mclaren,2,383.0,3,413.0
2024_16,mercedes,4,260.0,3,290.0
2024_16,red_bull,1,397.0,7,467.0
2024_16,williams,9,4.0,0,4.0
2024_16,haas,7,25.0,0,25.0
2024_16,aston_martin,5,74.0,0,74.0
2024_16,rb,6,28.0,0,28.0
2024_16,alpine,8,13.0,0,13.0
2024_16,sauber,10,0.0,0,0.0
2024_17,mclaren,1,417.0,3,447.0
2024_17,ferrari,3,381.0,3,411.0
2024_17,mercedes,4,276.0,3,306.0
2024_17,red_bull,2,409.0,7,479.0
2024_17,aston_martin,5,74.0,0,74.0
2024_17,williams,9,6.0,0,6.0
2024_17,haas,7,26.0,0,26.0
2024_17,alpine,8,13.0,0,13.0
2024_17,rb,6,28.0,0,28.0
2024_17,sauber,10,0.0,0,0.0
2024_18,mclaren,1,455.0,4,495.0
2024_18,red_bull,2,419.0,7,489.0
2024_18,mercedes,4,293.0,3,323.0
2024_18,ferrari,3,399.0,3,429.0
2024_18,aston_martin,5,82.0,0,82.0
2024_18,haas,7,27.0,0,27.0
2024_18,williams,8,16.0,0,16.0
2024_18,rb,6,28.0,0,28.0
2024_18,alpine,9,13.0,0,13.0
2024_18,sauber,10,0.0,0,0.0
2024_19,ferrari,3,415.0,3,445.0
2024_19,red_bull,2,438.0,7,508.0
2024_19,mclaren,1,495.0,5,545.0
2024_19,mercedes,4,313.0,3,343.0
2024_19,haas,6,29.0,0,29.0
2024_19,rb,7,28.0,0,28.0
2024_19,williams,8,16.0,0,16.0
2024_19,alpine,9,13.0,0,13.0
2024_19,aston_martin,5,86.0,0,86.0
2024_19,sauber,10,0.0,0,0.0
2024_20,ferrari,3,458.0,4,498.0
2024_20,mclaren,1,517.0,5,567.0
2024_20,mercedes,4,321.0,3,351.0
2024_20,red_bull,2,459.0,7,529.0
2024_20,haas,6,33.0,0,33.0
2024_20,alpine,9,13.0,0,13.0
2024_20,aston_martin,5,86.0,0,86.0
2024_20,williams,8,17.0,0,17.0
2024_20,sauber,10,0.0,0,0.0
2024_20,rb,7,30.0,0,30.0
2024_21,red_bull,3,467.0,7,537.0
2024_21,alpine,9,14.0,0,14.0
2024_21,mercedes,4,343.0,3,373.0
2024_21,ferrari,2,499.0,5,549.0
2024_21,mclaren,1,539.0,5,589.0
2024_21,rb,7,30.0,0,30.0
2024_21,haas,6,41.0,0,41.0
2024_21,sauber,10,0.0,0,0.0
2024_21,aston_martin,5,86.0,0,86.0
2024_21,williams,8,17.0,0,17.0
2024_22,mercedes,4,356.0,3,386.0
2024_22,ferrari,2,509.0,5,559.0
2024_22,red_bull,3,493.0,8,573.0
2024_22,mclaren,1,551.0,5,601.0
2024_22,haas,7,41.0,0,41.0
2024_22,rb,8,38.0,0,38.0
2024_22,aston_martin,5,86.0,0,86.0
2024_22,sauber,10,0.0,0,0.0
2024_22,williams,9,17.0,0,17.0
2024_22,alpine,6,47.0,0,47.0
2024_23,red_bull,3,504.0,8,584.0
2024_23,ferrari,2,536.0,5,586.0
2024_23,mclaren,1,566.0,5,616.0
2024_23,mercedes,4,399.0,4,439.0
2024_23,alpine,6,47.0,0,47.0
2024_23,aston_martin,5,86.0,0,86.0
2024_23,sauber,10,0.0,0,0.0
2024_23,haas,7,45.0,0,45.0
2024_23,rb,8,40.0,0,40.0
2024_23,williams,9,17.0,0,17.0
2024_24,mclaren,1,583.0,5,633.0
2024_24,ferrari,2,562.0,5,612.0
2024_24,mercedes,4,411.0,4,451.0
2024_24,red_bull,3,529.0,9,619.0
2024_24,alpine,6,57.0,0,57.0
2024_24,haas,7,47.0,0,47.0
2024_24,aston_martin,5,92.0,0,92.0
2024_24,williams,9,17.0,0,17.0
2024_24,rb,8,40.0,0,40.0
2024_24,sauber,10,4.0,0,4.0
2025_01,mclaren,0,0.0,0,0.0
2025_01,red_bull,0,0.0,0,0.0
2025_01,mercedes,0,0.0,0,0.0
2025_01,williams,0,0.0,0,0.0
2025_01,aston_martin,0,0.0,0,0.0
2025_01,sauber,0,0.0,0,0.0
2025_01,ferrari,0,0.0,0,0.0
2025_01,alpine,0,0.0,0,0.0
2025_01,rb,0,0.0,0,0.0
2025_01,haas,0,0.0,0,0.0
2025_02,mclaren,1,27.0,1,37.0
2025_02,mercedes,2,27.0,0,27.0
2025_02,red_bull,3,18.0,0,18.0
2025_02,haas,9,0.0,0,0.0
2025_02,williams,4,10.0,0,10.0
2025_02,aston_martin,5,8.0,0,8.0
2025_02,rb,10,0.0,0,0.0
2025_02,alpine,8,0.0,0,0.0
2025_02,sauber,6,6.0,0,6.0
2025_02,ferrari,7,5.0,0,5.0
2025_03,red_bull,3,30.0,0,30.0
2025_03,mclaren,1,70.0,2,90.0
2025_03,ferrari,8,5.0,0,5.0
2025_03,mercedes,2,50.0,0,50.0
2025_03,rb,10,0.0,0,0.0
2025_03,williams,4,17.0,0,17.0
2025_03,haas,5,14.0,0,14.0
2025_03,aston_martin,6,10.0,0,10.0
2025_03,alpine,9,0.0,0,0.0
2025_03,sauber,7,6.0,0,6.0
2025_04,mclaren,1,103.0,2,123.0
2025_04,mercedes,2,68.0,0,68.0
2025_04,ferrari,4,23.0,0,23.0
2025_04,red_bull,3,55.0,1,65.0
2025_04,alpine,10,0.0,0,0.0
2025_04,haas,6,15.0,0,15.0
2025_04,williams,5,19.0,0,19.0
2025_04,rb,9,4.0,0,4.0
2025_04,aston_martin,7,10.0,0,10.0
2025_04,sauber,8,6.0,0,6.0
2025_05,mclaren,1,143.0,3,173.0
2025_05,red_bull,3,65.0,1,75.0
2025_05,ferrari,4,45.0,0,45.0
2025_05,mercedes,2,86.0,0,86.0
2025_05,williams,6,19.0,0,19.0
2025_05,rb,10,4.0,0,4.0
2025_05,aston_martin,7,10.0,0,10.0
2025_05,haas,5,20.0,0,20.0
2025_05,sauber,9,6.0,0,6.0
2025_05,alpine,8,6.0,0,6.0
2025_06,mclaren,1,180.0,4,220.0
2025_06,mercedes,2,104.0,0,104.0
2025_06,red_bull,3,83.0,1,93.0
2025_06,williams,5,25.0,0,25.0
2025_06,ferrari,4,66.0,0,66.0
2025_06,rb,10,5.0,0,5.0
2025_06,haas,6,20.0,0,20.0
2025_06,alpine,8,6.0,0,6.0
2025_06,sauber,9,6.0,0,6.0
2025_06,aston_martin,7,10.0,0,10.0
2025_07,red_bull,3,96.0,1,106.0
2025_07,mclaren,1,223.0,5,273.0
2025_07,ferrari,4,76.0,0,76.0
2025_07,williams,5,37.0,0,37.0
2025_07,mercedes,2,127.0,0,127.0
2025_07,rb,10,5.0,0,5.0
2025_07,aston_martin,7,10.0,0,10.0
2025_07,sauber,9,6.0,0,6.0
2025_07,alpine,8,6.0,0,6.0
2025_07,haas,6,20.0,0,20.0
2025_08,mclaren,1,256.0,5,306.0
2025_08,ferrari,4,96.0,0,96.0
2025_08,red_bull,3,122.0,2,142.0
2025_08,rb,8,7.0,0,7.0
2025_08,haas,6,20.0,0,20.0
2025_08,williams,5,51.0,0,51.0
2025_08,mercedes,2,133.0,0,133.0
2025_08,alpine,9,6.0,0,6.0
2025_08,sauber,10,6.0,0,6.0
2025_08,aston_martin,7,10.0,0,10.0
2025_09,mclaren,1,296.0,6,356.0
2025_09,ferrari,4,124.0,0,124.0
2025_09,mercedes,3,133.0,0,133.0
2025_09,sauber,10,6.0,0,6.0
2025_09,rb,7,19.0,0,19.0
2025_09,alpine,9,6.0,0,6.0
2025_09,aston_martin,8,10.0,0,10.0
2025_09,red_bull,2,134.0,2,154.0
2025_09,williams,5,54.0,0,54.0
2025_09,haas,6,26.0,0,26.0
2025_10,mercedes,3,145.0,0,145.0
2025_10,red_bull,4,135.0,2,155.0
2025_10,mclaren,1,339.0,7,409.0
2025_10,ferrari,2,147.0,0,147.0
2025_10,aston_martin,9,12.0,0,12.0
2025_10,sauber,8,16.0,0,16.0
2025_10,haas,6,26.0,0,26.0
2025_10,williams,5,54.0,0,54.0
2025_10,alpine,10,10.0,0,10.0
2025_10,rb,7,25.0,0,25.0
2025_11,mclaren,1,351.0,7,421.0
2025_11,ferrari,3,165.0,0,165.0
2025_11,mercedes,2,185.0,1,195.0
2025_11,rb,7,25.0,0,25.0
2025_11,aston_martin,9,18.0,0,18.0
2025_11,sauber,8,20.0,0,20.0
2025_11,haas,6,28.0,0,28.0
2025_11,alpine,10,10.0,0,10.0
2025_11,red_bull,4,153.0,2,173.0
2025_11,williams,5,55.0,0,55.0
2025_12,mclaren,1,394.0,8,474.0
2025_12,sauber,8,26.0,0,26.0
2025_12,ferrari,3,192.0,0,192.0
2025_12,red_bull,4,153.0,2,173.0
2025_12,alpine,10,10.0,0,10.0
2025_12,aston_martin,9,24.0,0,24.0
2025_12,williams,5,55.0,0,55.0
2025_12,mercedes,2,195.0,1,205.0
2025_12,haas,7,29.0,0,29.0
2025_12,rb,6,33.0,0,33.0
2025_13,mclaren,1,437.0,9,527.0
2025_13,ferrari,2,204.0,0,204.0
2025_13,red_bull,4,163.0,2,183.0
2025_13,mercedes,3,196.0,1,206.0
2025_13,williams,5,59.0,0,59.0
2025_13,rb,7,33.0,0,33.0
2025_13,sauber,6,41.0,0,41.0
2025_13,alpine,10,18.0,0,18.0
2025_13,haas,9,29.0,0,29.0
2025_13,aston_martin,8,32.0,0,32.0
2025_14,mclaren,1,480.0,10,580.0
2025_14,mercedes,3,206.0,1,216.0
2025_14,ferrari,2,225.0,0,225.0
2025_14,aston_martin,8,32.0,0,32.0
2025_14,sauber,6,43.0,0,43.0
2025_14,rb,7,37.0,0,37.0
2025_14,red_bull,4,175.0,2,195.0
2025_14,williams,5,67.0,0,67.0
2025_14,haas,9,29.0,0,29.0
2025_14,alpine,10,19.0,0,19.0
2025_15,mclaren,1,523.0,11,633.0
2025_15,red_bull,4,177.0,2,197.0
2025_15,rb,8,41.0,0,41.0
2025_15,mercedes,3,222.0,1,232.0
2025_15,williams,5,67.0,0,67.0
2025_15,haas,9,29.0,0,29.0
2025_15,aston_martin,7,48.0,0,48.0
2025_15,alpine,10,19.0,0,19.0
2025_15,sauber,6,51.0,0,51.0
2025_15,ferrari,2,237.0,0,237.0
2025_16,red_bull,4,197.0,2,217.0
2025_16,mclaren,1,548.0,12,668.0
2025_16,ferrari,2,237.0,0,237.0
2025_16,mercedes,3,234.0,1,244.0
2025_16,williams,5,77.0,0,77.0
2025_16,sauber,8,51.0,0,51.0
2025_16,rb,7,56.0,0,56.0
2025_16,haas,9,38.0,0,38.0
2025_16,alpine,10,19.0,0,19.0
2025_16,aston_martin,6,58.0,0,58.0
2025_17,red_bull,4,222.0,3,252.0
2025_17,mercedes,3,246.0,1,256.0
2025_17,williams,5,83.0,0,83.0
2025_17,rb,7,57.0,0,57.0
2025_17,mclaren,1,581.0,12,701.0
2025_17,ferrari,2,257.0,0,257.0
2025_17,sauber,8,55.0,0,55.0
2025_17,haas,9,38.0,0,38.0
2025_17,aston_martin,6,58.0,0,58.0
2025_17,alpine,10,19.0,0,19.0
2025_18,mercedes,2,276.0,1,286.0
2025_18,red_bull,4,255.0,4,295.0
2025_18,mclaren,1,587.0,12,707.0
2025_18,ferrari,3,263.0,0,263.0
2025_18,aston_martin,7,58.0,0,58.0
2025_18,haas,9,38.0,0,38.0
2025_18,williams,5,98.0,0,98.0
2025_18,rb,6,68.0,0,68.0
2025_18,alpine,10,19.0,0,19.0
2025_18,sauber,8,55.0,0,55.0
2025_19,red_bull,4,273.0,4,313.0
2025_19,mclaren,1,614.0,12,734.0
2025_19,ferrari,3,275.0,0,275.0
2025_19,mercedes,2,311.0,2,331.0
2025_19,sauber,8,55.0,0,55.0
2025_19,haas,9,40.0,0,40.0
2025_19,aston_martin,7,64.0,0,64.0
2025_19,rb,6,68.0,0,68.0
2025_19,williams,5,99.0,0,99.0
2025_19,alpine,10,19.0,0,19.0
2025_20,mclaren,1,642.0,12,762.0
2025_20,ferrari,4,302.0,0,302.0
2025_20,red_bull,3,304.0,5,354.0
2025_20,haas,9,42.0,0,42.0
2025_20,mercedes,2,319.0,2,339.0
2025_20,sauber,8,59.0,0,59.0
2025_20,williams,5,99.0,0,99.0
2025_20,rb,6,68.0,0,68.0
2025_20,aston_martin,7,65.0,0,65.0
2025_20,alpine,10,19.0,0,19.0
2025_21,mclaren,1,677.0,13,807.0
2025_21,mercedes,2,333.0,2,353.0
2025_21,red_bull,4,319.0,5,369.0
2025_21,haas,9,56.0,0,56.0
2025_21,rb,6,68.0,0,68.0
2025_21,sauber,8,60.0,0,60.0
2025_21,alpine,10,19.0,0,19.0
2025_21,williams,5,99.0,0,99.0
2025_21,aston_martin,7,65.0,0,65.0
2025_21,ferrari,3,324.0,0,324.0
2025_22,red_bull,3,334.0,5,384.0
2025_22,mercedes,2,363.0,2,383.0
2025_22,ferrari,4,324.0,0,324.0
2025_22,williams,5,99.0,0,99.0
2025_22,rb,6,78.0,0,78.0
2025_22,sauber,9,62.0,0,62.0
2025_22,haas,8,64.0,0,64.0
2025_22,aston_martin,7,65.0,0,65.0
2025_22,alpine,10,20.0,0,20.0
2025_22,mclaren,1,712.0,14,852.0
2025_23,red_bull,3,359.0,6,419.0
2025_23,mclaren,1,712.0,14,852.0
2025_23,williams,5,109.0,0,109.0
2025_23,mercedes,2,396.0,2,416.0
2025_23,aston_martin,9,65.0,0,65.0
2025_23,ferrari,4,340.0,0,340.0
2025_23,rb,6,86.0,0,86.0
2025_23,sauber,7,68.0,0,68.0
2025_23,alpine,10,20.0,0,20.0
2025_23,haas,8,67.0,0,67.0
2025_24,red_bull,3,385.0,7,455.0
2025_24,mclaren,1,742.0,14,882.0
2025_24,ferrari,4,344.0,0,344.0
2025_24,mercedes,2,414.0,2,434.0
2025_24,aston_martin,7,71.0,0,71.0
2025_24,haas,9,67.0,0,67.0
2025_24,sauber,8,68.0,0,68.0
2025_24,williams,5,124.0,0,124.0
2025_24,rb,6,88.0,0,88.0
2025_24,alpine,10,20.0,0,20.0
2026_01,mercedes,0,0.0,0,0.0
2026_01,ferrari,0,0.0,0,0.0
2026_01,mclaren,0,0.0,0,0.0
2026_01,red_bull,0,0.0,0,0.0
2026_01,haas,0,0.0,0,0.0
2026_01,rb,0,0.0,0,0.0
2026_01,audi,0,0.0,0,0.0
2026_01,alpine,0,0.0,0,0.0
2026_01,williams,0,0.0,0,0.0
2026_01,cadillac,0,0.0,0,0.0
2026_01,aston_martin,0,0.0,0,0.0
2026_02,mercedes,1,43.0,1,53.0
2026_02,ferrari,2,27.0,0,27.0
2026_02,haas,5,6.0,0,6.0
2026_02,alpine,8,1.0,0,1.0
2026_02,rb,6,4.0,0,4.0
2026_02,red_bull,4,8.0,0,8.0
2026_02,williams,11,0.0,0,0.0
2026_02,audi,7,2.0,0,2.0
2026_02,cadillac,10,0.0,0,0.0
2026_02,aston_martin,9,0.0,0,0.0
2026_02,mclaren,3,10.0,0,10.0
2026_03,mercedes,1,86.0,2,106.0
2026_03,mclaren,6,10.0,0,10.0
2026_03,ferrari,2,54.0,0,54.0
2026_03,alpine,5,10.0,0,10.0
2026_03,red_bull,4,12.0,0,12.0
2026_03,rb,7,10.0,0,10.0
2026_03,haas,3,16.0,0,16.0
2026_03,audi,8,2.0,0,2.0
2026_03,williams,9,2.0,0,2.0
2026_03,cadillac,11,0.0,0,0.0
2026_03,aston_martin,10,0.0,0,0.0
